record_id,account_id,log_date,logins_per_week,feature_usage_score
USA-003640,CUST-0300,2024-06-08,4.464059921008679,4.57002832890406
USA-000514,CUST-0042,2024-05-29,3.5377142054741135,3.1362859507487415
USA-001754,CUST-0149,2023-07-11,2.248190412296912,3.5112450630751857
USA-002709,CUST-0224,2024-05-11,6.270526195427641,5.790308846244567
USA-003486,CUST-0287,2023-11-18,5.083451024028292,5.5198102106886076
USA-002337,CUST-0194,2023-08-05,3.247068660571471,4.384330303943724
USA-003653,CUST-0301,2023-08-18,7.896080937624851,7.173804978561129
USA-004396,CUST-0363,2024-03-10,3.216862464917833,5.193916190759142
USA-002665,CUST-0221,2023-08-16,6.997599578691319,5.263312869215682
USA-001032,CUST-0088,2023-07-12,2.239848657309202,2.239431526034898
USA-004464,CUST-0370,2023-10-26,3.162081716983168,2.7780564428817383
USA-004475,CUST-0371,2024-04-26,1.5435000225746,2.9255154480478307
USA-004338,CUST-0358,2023-06-15,4.638694513280491,4.200051177496791
USA-002409,CUST-0199,2023-12-16,6.417538874971056,3.853849899391941
USA-003920,CUST-0322,2024-06-15,9.088140161301366,7.706856978820788
USA-003682,CUST-0304,2023-11-11,6.334896247832865,3.6567813488721557
USA-004639,CUST-0387,2024-05-17,4.572847675448088,3.7034088876532225
USA-003426,CUST-0283,2024-01-26,8.443680851993722,7.617568711266702
USA-001029,CUST-0088,2024-02-11,3.9960013442717686,3.1611669061768595
USA-001254,CUST-0107,2023-10-06,9.191896357037823,6.192961102692996
USA-001256,CUST-0107,2024-01-01,8.376944900914758,3.9298998777570753
USA-001807,CUST-0152,2024-06-01,7.804809936565559,5.309774798014402
USA-003231,CUST-0267,2024-03-07,2.473045214885356,1.5360298616626331
USA-004593,CUST-0383,2024-05-22,12.519025945463454,7.484944074791652
USA-002263,CUST-0189,2024-04-21,2.8911668518565423,4.568221891639281
USA-001575,CUST-0136,2023-06-02,3.39339518159459,2.6532543657890795
USA-002204,CUST-0184,2024-05-11,10.89705069795362,5.093396601315549
USA-004147,CUST-0342,2023-09-13,6.779447711439308,7.252648852227923
USA-002694,CUST-0223,2023-08-29,4.743590573971301,4.809101253756358
USA-003371,CUST-0278,2023-08-27,6.5627946430556765,7.737647217829327
USA-003261,CUST-0269,2023-07-26,3.927106721314627,7.235363507238207
USA-000311,CUST-0025,2024-04-27,6.624419781929355,4.212978621708471
USA-002063,CUST-0173,2024-03-06,4.1205394150614145,5.296466970964145
USA-001922,CUST-0161,2023-11-08,8.32708128188774,6.572194133693074
USA-001265,CUST-0107,2023-06-11,7.401503383516957,5.456350485593028
USA-002730,CUST-0226,2024-05-27,8.569551029852672,5.983560045993833
USA-001172,CUST-0100,2024-06-30,5.13834162506552,3.398737078421629
USA-003039,CUST-0252,2023-07-12,8.19710397917242,6.740120017661643
USA-004519,CUST-0377,2024-01-28,8.628787229749758,6.959676874661537
USA-004116,CUST-0340,2024-03-19,9.563951340345294,5.128049325475298
USA-003449,CUST-0285,2023-10-19,7.4395713552155645,5.814753837042098
USA-001356,CUST-0115,2024-02-02,8.377181238928225,5.287668450309194
USA-000861,CUST-0071,2024-01-29,6.916482582649454,4.072641909745425
USA-002968,CUST-0247,2023-06-30,4.156198901524432,5.692780426179544
USA-002518,CUST-0208,2023-10-10,6.932187543586429,5.354198650921858
USA-000248,CUST-0021,2023-07-09,7.103971987325491,6.521524777781006
USA-001344,CUST-0113,2024-06-15,5.94314516892342,8.241586986871122
USA-002771,CUST-0229,2023-10-08,9.719437773858818,6.659639800091833
USA-002041,CUST-0171,2023-06-30,7.81964094777438,5.648905077037691
USA-002351,CUST-0195,2023-12-11,3.7938965488095127,5.133903580917551
USA-001054,CUST-0090,2023-12-07,8.981782235725422,6.777833372454687
USA-002412,CUST-0200,2023-11-02,5.067503366543137,4.3701676883343294
USA-004674,CUST-0389,2024-05-21,4.628181138928152,5.125766516653103
USA-003355,CUST-0276,2024-05-08,5.596815570095339,6.029332671477919
USA-002705,CUST-0224,2023-10-16,6.61150005883583,6.053609062401591
USA-001999,CUST-0168,2023-07-09,3.6049319844630245,4.195069672443324
USA-000303,CUST-0024,2023-07-04,2.0401531705719957,2.5316014127935875
USA-004444,CUST-0368,2024-02-23,4.747990168566586,6.258197362095875
USA-004096,CUST-0339,2024-05-17,10.142926377797286,7.273224025503827
USA-002140,CUST-0179,2023-09-30,4.715673040914217,3.7223087648617943
USA-002491,CUST-0206,2024-01-26,3.7631384962486347,5.921035657438955
USA-003898,CUST-0321,2023-08-03,8.48455870181418,6.363201986790662
USA-001639,CUST-0141,2024-01-06,3.026586983295167,1.903808721822072
USA-004023,CUST-0331,2023-10-26,10.299166175647493,6.591116678372577
USA-000513,CUST-0042,2024-06-11,1.555016838864133,2.9928075854707417
USA-004487,CUST-0373,2023-09-12,5.090508146949752,2.8904783343342872
USA-004336,CUST-0358,2023-09-09,4.911769283064274,6.178405023212528
USA-004324,CUST-0357,2023-06-24,9.360786750155375,5.408372226254789
USA-001992,CUST-0168,2024-06-23,6.50020265018243,4.162828357370745
USA-004579,CUST-0382,2024-04-30,14.581932575253731,7.567623767674523
USA-002498,CUST-0207,2023-11-27,9.014446098201404,5.049033868690433
USA-002753,CUST-0227,2024-04-14,2.2387624290401407,5.225219596137941
USA-000152,CUST-0014,2023-12-13,4.825154629141666,5.443941678719327
USA-002084,CUST-0174,2024-03-15,4.055896129708039,5.932017081170615
USA-003005,CUST-0250,2023-10-24,3.422676998908038,4.441545133634768
USA-003863,CUST-0319,2023-06-15,8.266820541791386,5.443146558783732
USA-001234,CUST-0105,2024-02-24,8.563114081941817,7.507904812258671
USA-000301,CUST-0024,2024-04-04,1.7882609433144687,3.229596576726921
USA-003556,CUST-0293,2024-02-12,6.491200880100992,6.017423914374778
USA-000192,CUST-0017,2023-11-22,10.957898205785705,5.916197031511283
USA-004571,CUST-0382,2024-06-02,10.745703950671178,7.626865690780193
USA-001053,CUST-0090,2024-05-06,9.536989662330711,6.552727662588154
USA-001136,CUST-0097,2023-12-17,4.291391046955845,0.5032827719876103
USA-000114,CUST-0011,2024-06-29,9.369225925574154,4.64039889244827
USA-001443,CUST-0124,2024-04-15,8.693321172774466,6.515291820305628
USA-000957,CUST-0081,2024-06-27,7.575703744870378,6.581952874730291
USA-000647,CUST-0052,2023-08-12,8.692433349247871,6.646031772698205
USA-004668,CUST-0389,2023-10-05,7.285215173253493,5.209648263031308
USA-000230,CUST-0019,2024-03-10,5.765990862121782,4.70820858885668
USA-002308,CUST-0192,2023-06-13,5.174116397766899,3.8828588560307313
USA-000752,CUST-0060,2024-03-26,8.738476806847576,4.9290353073591096
USA-003820,CUST-0315,2024-05-25,7.137303703645978,5.2007985687300025
USA-001434,CUST-0122,2023-12-30,4.112213304721962,4.775001951355931
USA-002236,CUST-0186,2024-01-31,5.213293840258954,5.357913918089887
USA-001753,CUST-0149,2023-10-30,0.0,2.750903174987432
USA-000172,CUST-0016,2023-09-10,9.353625635672664,5.830271381149235
USA-000872,CUST-0073,2024-01-21,7.985939110889771,4.972368912265203
USA-001624,CUST-0140,2024-03-20,4.6172959118536525,3.4076430577793593
USA-004524,CUST-0377,2023-10-18,11.861374687577396,7.662904206643865
USA-002383,CUST-0197,2023-09-12,8.802880209011724,7.025319617818049
USA-003932,CUST-0324,2024-02-13,4.097274306153592,7.564374184568637
USA-001332,CUST-0113,2023-08-25,7.732088685273589,6.445363509221536
USA-002702,CUST-0224,2023-08-17,8.227484184054054,6.708794975790496
USA-002826,CUST-0234,2024-06-16,2.957229615923855,2.7265227012004445
USA-002188,CUST-0182,2024-06-18,4.537902212820834,4.028975481204484
USA-004568,CUST-0382,2023-10-04,11.915269953572945,7.970365227655622
USA-002280,CUST-0190,2023-09-19,11.303528935082614,6.189247296178748
USA-002347,CUST-0195,2023-06-27,6.334182844359838,3.277543126079343
USA-000404,CUST-0033,2024-05-31,9.223248727676442,4.139672690580834
USA-003890,CUST-0321,2023-08-06,9.830033482605618,7.426462458604548
USA-000287,CUST-0023,2023-07-20,4.751902042639417,4.7619375430339295
USA-000961,CUST-0082,2024-02-16,4.389537555114556,5.517808496864255
USA-000271,CUST-0022,2023-12-30,7.578167411524774,6.0405188119420075
USA-004364,CUST-0361,2023-12-17,6.242966879302008,5.65068460194666
USA-004659,CUST-0388,2023-06-16,5.401604103708166,3.8153803775452593
USA-001761,CUST-0149,2023-11-11,5.724925249938922,2.842853265101506
USA-000223,CUST-0019,2023-07-21,6.604397936907233,5.110903970635912
USA-002580,CUST-0212,2023-12-26,0.019826005628957866,3.1687894165318213
USA-000621,CUST-0050,2023-06-16,10.746133120212717,6.129856398753275
USA-001633,CUST-0141,2024-04-26,7.481788742863484,5.149598134552971
USA-001139,CUST-0097,2023-10-27,3.0923696253167248,4.205949567297144
USA-002233,CUST-0186,2024-02-08,4.134284931898029,3.9033594338329847
USA-003043,CUST-0252,2024-03-26,10.196842725484657,6.69070589398531
USA-003710,CUST-0306,2023-12-01,6.034258397962672,3.3214427914534257
USA-001809,CUST-0152,2024-01-23,7.283286586714932,4.084959747267648
USA-000380,CUST-0031,2023-06-29,6.566318820421031,5.220014053554341
USA-003050,CUST-0253,2023-07-24,5.028556856721714,4.944482962230117
USA-001052,CUST-0090,2024-05-18,8.375295439883258,6.811714353771477
USA-001515,CUST-0131,2023-07-17,2.627535545713864,4.600452494969063
USA-003864,CUST-0319,2023-10-24,5.322468837614877,4.445005685640858
USA-003285,CUST-0270,2023-07-26,4.0637547668353715,3.7402464719251634
USA-000717,CUST-0058,2023-12-30,6.423244019391396,4.946702683888379
USA-003644,CUST-0301,2024-06-25,9.22490618617923,4.714089426767652
USA-004303,CUST-0355,2023-06-13,4.766041911959171,3.9859150210082834
USA-000418,CUST-0034,2024-05-22,9.644323755454346,6.43533838620757
USA-003149,CUST-0261,2023-08-06,11.747072131737792,7.18564955891628
USA-003726,CUST-0308,2024-06-21,7.67805867533153,3.1789245184772694
USA-001082,CUST-0092,2023-11-28,15.484580839793107,7.206797619016137
USA-000787,CUST-0064,2023-06-30,5.22279800896206,3.8280951589251346
USA-000096,CUST-0009,2023-06-30,3.686183062091174,4.072784750869017
USA-004454,CUST-0369,2023-10-22,7.144425835471793,5.62577239453653
USA-000934,CUST-0079,2023-08-14,8.188233955738495,5.703447110183481
USA-003669,CUST-0302,2023-12-15,2.653997935440202,3.415249437866285
USA-000120,CUST-0011,2023-09-14,10.066404599210557,7.2523839711428035
USA-002799,CUST-0232,2023-11-01,5.905217296400261,5.813240883436039
USA-000400,CUST-0032,2023-10-09,4.488229656502034,5.118689325064169
USA-002800,CUST-0232,2024-03-22,9.09090465831991,4.741519222760109
USA-001603,CUST-0138,2024-04-01,7.3159131052642,6.033982479902884
USA-000142,CUST-0013,2024-06-11,4.553032576180624,6.206637764028898
USA-001935,CUST-0162,2023-07-18,6.560570891865247,6.245953195101346
USA-002229,CUST-0186,2023-06-12,3.123028747259152,4.000475287480337
USA-003704,CUST-0305,2023-08-27,0.03785996473690956,2.3743129238652183
USA-004103,CUST-0339,2023-10-17,8.802233829733595,5.2906207473999975
USA-000399,CUST-0032,2024-06-04,3.453131693989172,3.656370717892515
USA-004262,CUST-0351,2024-01-31,5.474380053728379,6.116585441051755
USA-002604,CUST-0215,2023-12-29,6.178314235843017,3.815820020564394
USA-000754,CUST-0061,2023-06-21,6.314506946164169,5.879727510042187
USA-004256,CUST-0350,2023-12-14,4.198856185684464,5.267293468256555
USA-004647,CUST-0387,2023-11-12,1.438528627992261,3.9747443749646427
USA-004124,CUST-0340,2023-08-17,8.539147098110776,4.786990637368547
USA-002276,CUST-0189,2023-10-20,5.480883817019347,2.8960530079786357
USA-000491,CUST-0040,2023-11-17,6.090201752577894,5.894644735315124
USA-004456,CUST-0369,2023-12-13,9.985495699642478,6.0396626058116745
USA-001371,CUST-0116,2024-06-13,5.567417705524382,3.390054891536155
USA-002743,CUST-0227,2024-05-15,5.150628175875974,1.150499423052111
USA-004566,CUST-0381,2023-07-22,11.357288127941088,5.241200347903228
USA-004284,CUST-0353,2023-09-11,8.820231908655028,5.669833082989413
USA-002278,CUST-0189,2024-02-11,1.9925388968862037,3.0345775480502564
USA-001923,CUST-0161,2023-06-25,10.019564736774681,5.497563443138937
USA-000921,CUST-0078,2023-09-17,4.554653782507648,4.13399014128438
USA-002116,CUST-0177,2023-12-12,7.577607969877265,5.7829999611605585
USA-000521,CUST-0042,2023-06-15,3.5252916799356453,2.58937257604192
USA-000105,CUST-0010,2024-02-01,2.065770288547077,3.980505948569978
USA-003497,CUST-0288,2023-12-24,3.336566322449294,2.510828548839931
USA-004436,CUST-0367,2024-03-25,6.887222877637791,6.027859382266359
USA-002414,CUST-0200,2023-12-26,1.612086426634276,5.582128187806347
USA-002302,CUST-0192,2023-08-06,5.285386513222478,3.9355349439091936
USA-000236,CUST-0020,2023-11-09,5.332320194163971,3.7943344686159968
USA-002375,CUST-0196,2023-09-11,8.941835038089064,3.5967072954917034
USA-000210,CUST-0018,2024-04-05,4.851021031179056,6.0043324664005695
USA-002952,CUST-0246,2023-06-26,7.1663169067664025,3.8426820916985562
USA-002474,CUST-0205,2024-06-24,5.595568644628988,7.521827693002484
USA-001277,CUST-0108,2024-01-22,5.421074131943663,4.122395560608818
USA-004151,CUST-0342,2024-02-23,5.635969381850195,3.9635326462189653
USA-004669,CUST-0389,2023-10-22,6.759074645961892,6.746000720445991
USA-000079,CUST-0007,2024-03-29,7.277937903241374,5.452795420778948
USA-003217,CUST-0265,2024-01-29,7.594088572574143,4.482280297009558
USA-003224,CUST-0266,2024-03-01,7.736440118817084,6.7132335521266615
USA-000341,CUST-0028,2023-12-07,10.385359333638734,6.1442597895667195
USA-004412,CUST-0365,2024-05-01,5.248500742122194,6.562094588220149
USA-004089,CUST-0338,2023-10-08,8.057582872243144,6.92926330524411
USA-002085,CUST-0174,2024-02-19,1.1145575196825073,1.9693531880687836
USA-004561,CUST-0381,2023-08-03,7.9600691701583575,5.662509414231825
USA-001171,CUST-0100,2024-06-02,8.59324612234971,3.586858915344461
USA-000463,CUST-0037,2023-10-02,4.649043721607573,0.5514340084629699
USA-001196,CUST-0103,2023-08-19,8.624616891578999,7.359938768393722
USA-001595,CUST-0137,2024-03-19,5.732351689608164,5.81878534893233
USA-001739,CUST-0147,2024-01-08,6.646371926614035,7.750832207411429
USA-000138,CUST-0013,2023-07-31,6.794204534643174,5.851508765509151
USA-002139,CUST-0179,2024-06-18,4.376950296216205,4.3276187965192685
USA-003845,CUST-0317,2024-04-12,9.831165733017944,5.0619708883030965
USA-002804,CUST-0232,2023-06-20,7.3583512016841555,5.062528623657417
USA-003737,CUST-0309,2024-04-19,6.596707699760178,6.40036711527588
USA-000860,CUST-0071,2024-02-27,4.755452432378352,5.017523613974107
USA-001513,CUST-0131,2024-01-01,5.687928382373958,2.8196343534102497
USA-000667,CUST-0053,2023-09-27,6.246837092765367,3.299614682243117
USA-002386,CUST-0197,2023-12-04,8.273922570193484,6.498119769197866
USA-001316,CUST-0111,2024-06-04,6.073838062476311,5.7517909981447986
USA-001290,CUST-0109,2023-09-16,2.7830525036162146,2.9225575209845482
USA-002004,CUST-0168,2023-11-10,6.115820910410626,4.637930047467949
USA-002673,CUST-0221,2024-05-03,7.594648895498687,5.357361076088722
USA-004327,CUST-0357,2023-09-10,10.894479192805223,7.482356671030366
USA-000674,CUST-0054,2024-01-14,0.9098407019045485,3.230233977564292
USA-001189,CUST-0102,2023-07-26,8.952548164923632,4.539478810088891
USA-001101,CUST-0094,2023-06-16,6.969043688772951,6.538114412160516
USA-001853,CUST-0155,2023-10-30,8.32973118133653,7.704358175701306
USA-000442,CUST-0036,2023-12-15,8.214168620238826,4.97856868797361
USA-002300,CUST-0191,2023-12-02,3.141326775730503,1.5264946534006991
USA-001882,CUST-0157,2023-10-19,5.832007704938436,3.7235485740343717
USA-004332,CUST-0357,2023-12-10,-2.323081958266643,6.5056880254703415
USA-004223,CUST-0348,2024-04-08,2.302635475646555,2.164217251821433
USA-003045,CUST-0252,2024-06-19,9.17922323748132,7.449533773077669
USA-000295,CUST-0024,2023-08-31,1.43715420881713,2.5252077647537505
USA-004580,CUST-0382,2024-02-21,12.897709937521356,6.075571678685419
USA-003306,CUST-0272,2024-03-07,6.61875775538898,5.075603986560703
USA-000146,CUST-0014,2024-04-09,5.928530541009125,2.6899834904538618
USA-000937,CUST-0079,2023-07-13,18.803820066866855,4.239480558563305
USA-001333,CUST-0113,2023-12-22,11.354358193547402,7.083042714892598
USA-004673,CUST-0389,2024-02-05,5.11823515906395,7.325607216678249
USA-001592,CUST-0137,2023-11-28,6.187653157050822,6.2289598937444985
USA-002664,CUST-0221,2023-08-17,6.816518461768742,4.858246058307143
USA-003495,CUST-0288,2023-06-15,3.6305633747129447,4.617749411900964
USA-000969,CUST-0082,2024-06-23,4.955930602162606,5.9028768492254855
USA-002964,CUST-0247,2024-05-21,4.821022818442423,5.804389049766859
USA-001168,CUST-0099,2023-07-13,4.355105164866431,1.7036299317868373
USA-000465,CUST-0037,2024-06-04,2.6189212332536993,3.567181577142577
USA-002049,CUST-0172,2023-11-02,8.053835452116893,5.511023731930547
USA-002230,CUST-0186,2024-04-06,6.895836345798098,3.2679837394617786
USA-002371,CUST-0196,2024-01-24,8.353761991642468,6.31636537737332
USA-001187,CUST-0102,2023-11-27,7.396951591170882,6.250439329440906
USA-004305,CUST-0355,2023-06-03,4.070150002901204,4.168187623734553
USA-001877,CUST-0157,2023-09-26,3.3970132868417746,2.1596102481221644
USA-000941,CUST-0079,2024-05-10,7.828026437839203,7.832225976283048
USA-000536,CUST-0043,2024-02-12,7.684203471359401,4.884515657936536
USA-001704,CUST-0145,2024-02-22,4.566780515705496,5.038675369039421
USA-002759,CUST-0228,2023-08-30,3.5247473485762066,2.6363975372976594
USA-004200,CUST-0346,2024-03-06,4.681025670339803,4.521354744434936
USA-000082,CUST-0007,2024-04-26,7.856127247395857,4.499378689155755
USA-002963,CUST-0247,2023-11-08,6.676872277790593,7.244956426318801
USA-000572,CUST-0046,2023-11-05,3.4435578177971977,4.81093615901731
USA-003981,CUST-0328,2024-04-21,-9.36912109715481,2.2600010379947673
USA-001244,CUST-0106,2024-03-09,9.479781353838126,7.613109443018468
USA-001879,CUST-0157,2024-01-16,0.0,4.365006652020563
USA-004294,CUST-0354,2023-11-15,9.432718890002874,4.597035025072912
USA-003389,CUST-0280,2024-05-01,6.247767717592285,4.335020111132101
USA-000340,CUST-0028,2024-01-26,8.518789879565585,4.774082685076329
USA-000085,CUST-0008,2024-02-22,4.78813768430525,5.821731294854976
USA-002349,CUST-0195,2024-05-01,6.844072447481506,4.378728420744563
USA-004619,CUST-0385,2023-12-18,10.779051620399233,6.425949943199277
USA-001366,CUST-0116,2023-07-28,7.408704597444991,5.859289463696511
USA-004480,CUST-0372,2024-03-22,4.893930774845913,5.702918625757285
USA-001616,CUST-0139,2023-07-27,6.2540320076441525,6.846818894702516
USA-000425,CUST-0035,2024-01-14,10.170369072234488,6.4927527495602995
USA-003989,CUST-0328,2023-08-13,2.427825294326695,2.280568019387534
USA-002380,CUST-0197,2024-04-25,8.31241175816621,6.0297425434609035
USA-001469,CUST-0126,2023-06-17,3.7711033266949103,2.1124577979464974
USA-001954,CUST-0164,2023-09-05,5.042556611063978,6.49278298653573
USA-002890,CUST-0240,2023-09-23,9.349700792019348,5.916622171948172
USA-004498,CUST-0374,2024-04-03,6.840985296845225,3.9656923651475267
USA-003903,CUST-0321,2024-02-29,10.834624506497201,6.20579579437393
USA-003011,CUST-0250,2023-11-17,7.114255765202657,4.526927322888354
USA-000792,CUST-0064,2023-11-10,5.939882050253107,6.100271719735194
USA-003233,CUST-0267,2023-06-22,0.18686193008632168,3.816100008683022
USA-000483,CUST-0039,2024-05-24,8.348817729781105,4.707999746812524
USA-003561,CUST-0294,2023-12-18,6.875497580127326,6.221105435735545
USA-002696,CUST-0223,2024-01-13,7.202916729361559,0.8781056239898186
USA-000500,CUST-0041,2023-09-25,6.68795084225505,3.690671369599053
USA-003400,CUST-0281,2024-03-20,6.190958677825779,5.359931548118423
USA-001933,CUST-0162,2024-03-11,7.385465069091437,6.315610335468
USA-003255,CUST-0268,2024-06-06,8.163080112966371,6.765857475477846
USA-003337,CUST-0275,2023-11-29,7.581871897850492,4.704283136357524
USA-001091,CUST-0093,2024-04-15,2.683667459732274,5.891585433044025
USA-001654,CUST-0142,2023-06-03,9.944623162524891,7.688973218489188
USA-004008,CUST-0330,2023-06-17,5.618814835831451,5.941160099143103
USA-000883,CUST-0074,2024-06-18,5.666983942739179,3.5631328291285786
USA-003158,CUST-0261,2023-09-07,13.347636080117393,9.384591201333185
USA-000619,CUST-0050,2024-03-31,10.217670612126142,4.944272826647757
USA-001115,CUST-0096,2024-06-23,8.052231150509185,7.586919736490967
USA-002388,CUST-0197,2024-01-22,11.22022020819115,7.129298660023834
USA-000899,CUST-0075,2024-02-19,10.127159619786402,7.405623713260259
USA-000826,CUST-0068,2023-08-03,3.404267988175222,7.072305206614729
USA-000352,CUST-0029,2023-12-14,4.60754638741871,3.9235386387311526
USA-000296,CUST-0024,2023-11-23,1.0701818564137748,1.3658787745373062
USA-000715,CUST-0058,2023-12-20,5.31713141376243,4.291241802204803
USA-004428,CUST-0366,2023-09-01,7.579012696500793,5.706921432899401
USA-000158,CUST-0014,2023-06-20,5.015465576399146,6.604773212677169
USA-001650,CUST-0142,2023-11-24,8.888415067682944,6.090848753932221
USA-001392,CUST-0118,2023-08-14,7.189990307146811,4.1249526382248325
USA-003533,CUST-0292,2023-11-26,4.517577898127186,5.808369520171704
USA-002325,CUST-0193,2023-06-22,9.68779327767528,3.555189370447785
USA-003608,CUST-0298,2024-01-02,0.004990267951086563,1.3904322644387763
USA-002523,CUST-0208,2023-07-02,6.399961925597896,5.874166866844707
USA-003576,CUST-0295,2024-05-12,3.6738588578832463,5.046856922631064
USA-001259,CUST-0107,2023-08-29,10.104618637870088,6.457194950226819
USA-000888,CUST-0074,2024-02-04,9.273422936784922,5.317900074708075
USA-003985,CUST-0328,2023-08-20,0.5778198465728326,3.7573451489397316
USA-000563,CUST-0045,2024-06-09,3.0502768973829872,3.4999191559621172
USA-001980,CUST-0166,2024-03-12,6.579334956493936,3.2395044566275706
USA-000033,CUST-0004,2023-06-09,10.416574776833077,7.391916267042266
USA-001880,CUST-0157,2024-04-19,2.351346219708719,4.439748520455768
USA-000237,CUST-0020,2024-04-22,2.837820490449971,4.62382056756673
USA-004101,CUST-0339,2024-04-08,6.935554269031856,5.600252565045261
USA-000040,CUST-0004,2024-01-24,9.010645110661471,5.220296253464208
USA-001893,CUST-0159,2023-07-03,4.8928972371182216,2.9753345541186014
USA-000412,CUST-0033,2024-06-01,10.010715221708857,4.738244753687169
USA-002186,CUST-0182,2024-06-04,2.243336677538468,1.7534659527440395
USA-004353,CUST-0359,2024-02-28,5.650330608775993,4.279737657313966
USA-003978,CUST-0328,2023-07-23,2.876863303374189,3.189732968951269
USA-003093,CUST-0256,2023-06-04,3.5682643093350057,4.230875168492777
USA-001535,CUST-0132,2023-08-04,2.4235200655592717,2.164824210540498
USA-004341,CUST-0359,2024-02-01,5.984062576803162,6.2338405661179
USA-004296,CUST-0354,2023-06-16,7.256288225612472,6.4577998755851524
USA-003945,CUST-0325,2023-12-01,2.99697617175436,4.368709662185201
USA-002432,CUST-0201,2023-12-16,4.046595359128654,2.7339892844507667
USA-000683,CUST-0055,2024-04-18,4.663178090808766,5.09803078218087
USA-001668,CUST-0143,2024-03-05,10.926041447787087,6.856762984324948
USA-002734,CUST-0226,2024-05-25,11.1874037743954,5.865447777291515
USA-004320,CUST-0356,2024-03-29,9.157935736389597,7.205177616069022
USA-002718,CUST-0225,2024-05-29,5.349679663653943,4.390116773076653
USA-000324,CUST-0026,2024-03-14,3.917224800970259,3.5205000453279
USA-003487,CUST-0287,2023-09-23,4.539125074767268,4.327650221972974
USA-002683,CUST-0222,2023-08-02,6.573040936485293,4.32466768597369
USA-000724,CUST-0058,2023-09-17,6.909517780169416,6.861272881400949
USA-004230,CUST-0349,2024-06-15,5.78041035991993,4.399316249853931
USA-002780,CUST-0230,2024-02-23,10.309713474879722,6.870999558622107
USA-001826,CUST-0153,2023-12-21,9.332708249944883,4.947163757305971
USA-000784,CUST-0064,2023-06-29,6.276474874772516,4.480017527662536
USA-004527,CUST-0378,2023-11-23,5.487424270656422,5.651849360979615
USA-000733,CUST-0059,2024-05-08,11.284852474474153,7.060187598359222
USA-004381,CUST-0362,2024-04-10,3.707763638657233,1.3355829880961525
USA-000847,CUST-0070,2024-05-14,5.744680096519879,5.446462198508833
USA-003788,CUST-0313,2023-12-19,9.078410929197416,4.892872023425068
USA-004311,CUST-0355,2023-07-09,5.45519160106962,3.4289912854340967
USA-003282,CUST-0270,2023-09-18,5.33041162126549,4.251528762122251
USA-002626,CUST-0217,2023-08-23,6.342030841234724,7.185913953692501
USA-003671,CUST-0302,2024-05-08,5.00100724950823,4.470421626226772
USA-002746,CUST-0227,2024-01-12,4.24098734967988,3.063008686055084
USA-001074,CUST-0092,2024-02-23,10.652071417778108,10.0
USA-001309,CUST-0111,2023-12-21,6.509234986302993,5.004201365933116
USA-002390,CUST-0197,2024-05-21,8.335746007612508,7.325644079401599
USA-001988,CUST-0167,2023-06-20,9.857144578949057,5.941531931675936
USA-004689,CUST-0390,2023-12-12,12.584102062906116,8.359995734617348
USA-003633,CUST-0300,2023-06-14,5.804580772097109,4.3116010786908925
USA-003414,CUST-0281,2024-02-07,5.1247102349802836,4.38890659064154
USA-003148,CUST-0261,2024-06-12,10.853847519089106,7.448829772999071
USA-001253,CUST-0107,2023-09-18,8.56528579487917,6.483092879970977
USA-003101,CUST-0257,2023-10-28,8.263646605570141,7.239732935904243
USA-002292,CUST-0190,2023-07-09,9.642675083010742,6.501718304802297
USA-000670,CUST-0054,2024-03-02,0.8901016366404901,2.0198175890909953
USA-004415,CUST-0365,2024-05-21,4.00641158307965,5.858020987884209
USA-002147,CUST-0179,2023-10-08,5.599861966797833,4.668551110188416
USA-003934,CUST-0324,2024-05-03,8.176480369634344,5.121551025259339
USA-001159,CUST-0099,2024-06-23,5.120104201358863,3.311669164770688
USA-004196,CUST-0346,2024-04-04,5.3437675432441765,4.206191818832697
USA-003450,CUST-0285,2023-07-03,6.926375081662332,5.203278552362251
USA-002888,CUST-0240,2024-06-15,6.159732528013045,4.894251160923843
USA-002038,CUST-0171,2023-12-03,7.416898708599551,5.884280121078106
USA-004087,CUST-0338,2024-01-11,5.996056908448708,7.011039627469803
USA-001925,CUST-0162,2023-08-12,5.9758355521571165,6.6560529706477345
USA-000867,CUST-0072,2024-03-07,8.2552117608282,6.22001074809716
USA-004098,CUST-0339,2024-03-16,7.6233607003709745,6.436183569753053
USA-001420,CUST-0120,2023-11-29,9.374463280723482,6.423208951908212
USA-002093,CUST-0174,2023-09-08,0.0,5.117736077842011
USA-002020,CUST-0170,2023-07-02,7.6304965124325115,7.479610736640541
USA-004045,CUST-0334,2023-10-13,9.463826187930703,6.595627894874841
USA-002917,CUST-0242,2024-05-10,1.9133254381242673,3.949131400555525
USA-003177,CUST-0263,2023-08-20,0.7406802959702476,4.24918469310432
USA-004707,CUST-0392,2023-07-09,4.706858590461862,4.500780696364471
USA-001346,CUST-0114,2023-09-14,2.2484359793189097,4.720608325643847
USA-004299,CUST-0354,2024-01-18,9.758954265227796,4.648899997222737
USA-002596,CUST-0215,2023-07-22,7.2777841394882845,6.227023927885706
USA-002894,CUST-0240,2024-01-04,7.459406196040199,4.813030166702825
USA-001372,CUST-0116,2023-08-05,5.8783173863581,4.878233321529925
USA-001972,CUST-0166,2024-05-12,5.758865073292035,4.239378406009143
USA-002655,CUST-0220,2024-05-12,8.237758232657418,5.276562240496276
USA-000537,CUST-0043,2024-04-08,8.01101861423996,4.929117116124078
USA-001391,CUST-0118,2023-09-22,8.533731981740253,6.209640516150348
USA-000721,CUST-0058,2023-08-19,5.659303908529049,4.711236527641731
USA-004588,CUST-0383,2024-02-19,14.63123175271815,8.178905214922718
USA-002248,CUST-0187,2023-08-04,10.461836358192636,6.377936410743624
USA-003364,CUST-0277,2023-09-29,6.495963397395364,4.886951774251422
USA-003065,CUST-0254,2024-06-24,4.241973382044177,2.310733489464268
USA-002418,CUST-0200,2023-09-09,4.8076616583440375,4.649271055464596
USA-004701,CUST-0391,2024-01-26,4.043435784568391,4.288554828323685
USA-002629,CUST-0218,2024-01-01,2.908404874049815,2.76453953040327
USA-003292,CUST-0271,2023-10-22,10.36053987449117,7.407638784737724
USA-002183,CUST-0182,2024-05-19,3.3826858059147615,5.089354196690965
USA-001388,CUST-0118,2023-10-19,7.709774597208438,5.733770647868673
USA-000889,CUST-0075,2023-06-15,10.766469889622536,6.290359017694264
USA-000424,CUST-0035,2023-09-22,6.352137281279069,6.085456348700699
USA-003955,CUST-0326,2023-10-22,0.3366400897148649,1.170729533353966
USA-003619,CUST-0299,2024-06-26,2.4964409618354697,3.4299891912959577
USA-003628,CUST-0300,2024-03-31,3.698805610655411,4.743815980148326
USA-002089,CUST-0174,2024-05-25,-9.103640502221408,3.2344084970958473
USA-001137,CUST-0097,2024-06-16,4.115376326910733,4.699974506020243
USA-003867,CUST-0319,2024-05-08,4.950436524934013,5.164451198888999
USA-000527,CUST-0043,2023-10-05,8.383465962655425,3.174737368130972
USA-000751,CUST-0060,2023-07-21,7.9935873286866155,6.590523703857421
USA-003762,CUST-0311,2024-03-29,10.71479910985826,8.660668468771787
USA-000423,CUST-0035,2024-06-13,7.405340420880159,6.595805541344072
USA-000290,CUST-0024,2023-07-16,2.96268281677836,1.3247893442902758
USA-003876,CUST-0319,2024-01-15,-5.547705291559881,5.34373670485593
USA-000783,CUST-0064,2023-08-01,3.681851793075567,4.279696939300043
USA-002590,CUST-0214,2023-10-06,3.4467273888932115,2.7192185045569603
USA-003688,CUST-0304,2024-02-10,6.613436513689001,5.171780115848361
USA-001161,CUST-0099,2023-06-19,2.2145980832169383,4.000885341600964
USA-003534,CUST-0292,2024-02-08,8.750103712145846,5.654614500848948
USA-001793,CUST-0151,2023-07-23,4.35578101646505,6.429222297127266
USA-004117,CUST-0340,2024-05-09,7.399454851566413,6.060547019865527
USA-002751,CUST-0227,2023-12-13,3.367272557010767,3.9665605712078866
USA-003773,CUST-0312,2023-07-14,11.677028991374732,7.434773817113786
USA-000853,CUST-0070,2023-06-30,7.329809672563991,4.783871379719771
USA-001026,CUST-0088,2024-02-17,3.6152057768100394,4.039730546773719
USA-004112,CUST-0340,2024-03-24,5.136278085203312,4.230233107032948
USA-002420,CUST-0200,2023-12-03,3.5222010419671035,4.3364724683793785
USA-002344,CUST-0194,2023-12-10,0.46511073488924626,1.6683489582300166
USA-002579,CUST-0212,2024-01-09,6.354145581336142,4.3309312401708615
USA-002634,CUST-0218,2024-01-06,2.34957919391636,5.126608203063136
USA-000891,CUST-0075,2024-01-21,10.76603965940103,7.361458350172886
USA-004315,CUST-0356,2024-01-20,8.302572895829567,6.901850500288167
USA-001000,CUST-0085,2024-04-28,7.4860630946087845,4.706805514759916
USA-004514,CUST-0376,2023-09-29,5.329836600135207,5.429522575961913
USA-003663,CUST-0302,2024-05-02,5.2223821925832725,2.236874791540914
USA-002260,CUST-0188,2023-10-20,7.629518941307094,6.083922126697888
USA-004237,CUST-0349,2023-08-05,7.2817977770149085,4.888290298294803
USA-003225,CUST-0266,2023-09-08,6.907925128474224,6.151944458243838
USA-000789,CUST-0064,2023-07-19,4.142020507601227,3.250220231779115
USA-002915,CUST-0242,2024-06-01,0.9302124019261168,4.05913963092803
USA-001263,CUST-0107,2024-02-15,9.725478638089198,4.834280621088272
USA-001343,CUST-0113,2023-12-31,7.107690165892852,6.351168493449257
USA-003733,CUST-0309,2024-03-04,6.8404662905007685,5.9856625282262685
USA-000430,CUST-0035,2023-11-14,6.246425551981625,6.456569457941556
USA-000372,CUST-0030,2024-01-25,6.531344133062957,7.237161070187433
USA-000489,CUST-0039,2023-12-14,8.19846270896461,8.51173246399579
USA-001670,CUST-0143,2023-12-05,8.802786756555188,5.671838163431333
USA-000002,CUST-0001,2023-06-14,6.0029970746773005,6.253039711308839
USA-001525,CUST-0132,2023-10-29,2.9223595106553564,3.3123351438270356
USA-000242,CUST-0020,2023-10-24,2.5554147393797337,4.0082858807739505
USA-001938,CUST-0162,2024-06-30,7.926905696901377,3.610465390042441
USA-000090,CUST-0008,2024-02-24,5.67780564588988,6.854312753644219
USA-004171,CUST-0344,2024-04-19,4.0885051988314745,5.478104990040372
USA-000299,CUST-0024,2024-05-25,2.26800304047046,1.6455148198510186
USA-002793,CUST-0231,2023-06-16,10.31281289943004,6.059835388908105
USA-003270,CUST-0269,2023-07-27,1.5188482151818725,5.695244748423098
USA-002877,CUST-0239,2023-08-18,3.7233074287247585,5.04018264842047
USA-003772,CUST-0312,2024-04-22,11.232511851889466,8.062926405052748
USA-000470,CUST-0038,2024-05-21,6.710797446720276,5.662062141856805
USA-000697,CUST-0056,2024-06-29,6.770240601050089,8.165900582558518
USA-000421,CUST-0035,2024-05-20,6.405939999326279,4.995043708613011
USA-002045,CUST-0171,2023-09-19,8.677624097582092,5.89702171067615
USA-004650,CUST-0387,2023-08-30,4.284465928127483,3.74530141674221
USA-000636,CUST-0051,2023-11-29,0.0,1.6885499945045526
USA-004165,CUST-0343,2023-09-24,8.085414624251008,6.287492871664577
USA-002513,CUST-0208,2023-11-25,3.7521983032188633,3.7460709364725457
USA-003317,CUST-0273,2023-09-27,1.3717971016851158,3.3619073517242226
USA-003924,CUST-0323,2023-07-06,0.0,3.8576648766884762
USA-003015,CUST-0251,2023-09-06,5.885584699068257,7.021194147100722
USA-004540,CUST-0379,2024-03-08,0.0,2.001813443574449
USA-004533,CUST-0379,2023-09-22,-9.734183543089575,2.5764913694101046
USA-001805,CUST-0152,2023-09-02,4.727369636430175,5.531490700441906
USA-000794,CUST-0064,2023-10-21,4.5323881986104855,4.991590517622559
USA-003125,CUST-0259,2023-07-01,8.957747970561606,6.101088229567056
USA-001499,CUST-0130,2023-12-28,1.0499432995509292,3.022054389306437
USA-002389,CUST-0197,2023-07-20,10.581016577775651,6.568246124798554
USA-004205,CUST-0347,2024-05-11,8.002109935149381,4.647499322260998
USA-004522,CUST-0377,2024-06-11,13.804815128860888,7.250815325005882
USA-003004,CUST-0250,2023-07-12,4.309441052971158,3.7399628585481604
USA-001843,CUST-0154,2023-12-22,10.796456283807961,7.115502775408608
USA-002077,CUST-0173,2023-09-29,5.368056355686436,3.927412204731125
USA-003296,CUST-0271,2024-05-28,22.313350377473775,5.8285187783998165
USA-001953,CUST-0164,2023-12-23,7.610854079265703,6.3264117602083445
USA-004193,CUST-0346,2024-01-02,5.418966457096532,3.9212899715635254
USA-003894,CUST-0321,2023-09-16,8.536384364373145,6.124147852159327
USA-002072,CUST-0173,2024-06-16,3.1643097315721187,6.323887635835959
USA-001605,CUST-0139,2023-11-23,7.107255136293133,4.614301951898225
USA-002083,CUST-0174,2024-02-14,2.9624096298828797,2.1846116157597217
USA-003856,CUST-0318,2023-12-11,5.652579362319264,4.619040360120064
USA-000882,CUST-0074,2024-04-20,6.7052451314926245,5.550550572656856
USA-002403,CUST-0199,2024-05-16,6.864270409781185,4.263641220652068
USA-000020,CUST-0002,2023-07-19,6.21496708306856,7.340211953618933
USA-003394,CUST-0280,2024-02-19,3.448832095296088,3.989800835476612
USA-002806,CUST-0232,2023-09-27,6.689587968697488,5.086236461226108
USA-002660,CUST-0221,2023-10-30,7.385606047259064,4.861471224856362
USA-004560,CUST-0381,2024-03-09,12.462929491353313,5.406343042722148
USA-004352,CUST-0359,2023-12-26,5.5136747811842115,4.1713719715381785
USA-003027,CUST-0251,2024-01-08,5.638925254160422,4.048160762679449
USA-000864,CUST-0071,2023-11-24,6.546423396531071,4.78331286605623
USA-003329,CUST-0274,2023-12-11,9.076104172659255,6.404450993263751
USA-003943,CUST-0325,2024-03-02,0.19349808683163472,2.5515100613388615
USA-004711,CUST-0392,2023-10-10,1.9723541773678628,4.47017546949622
USA-001657,CUST-0142,2024-05-26,7.325050955406663,7.228128234901109
USA-003604,CUST-0298,2024-02-07,0.0,1.7057830193110393
USA-001013,CUST-0087,2023-10-16,1.744147977547295,3.2413523589585296
USA-001686,CUST-0144,2024-03-29,7.282254635285723,6.7684194191238145
USA-002735,CUST-0226,2024-05-08,8.450129291515113,6.697924290875981
USA-002597,CUST-0215,2024-04-02,7.068831479955955,5.139702877708282
USA-001449,CUST-0124,2024-01-28,7.852243760245404,7.254173242537272
USA-003150,CUST-0261,2024-04-01,10.58878153771393,8.53404618035222
USA-000605,CUST-0049,2023-07-07,2.92276386496727,3.9213310101591183
USA-001955,CUST-0164,2023-11-04,5.736654985077582,2.618311257242103
USA-004608,CUST-0385,2023-10-17,8.411953534900501,6.416330476916161
USA-000050,CUST-0005,2024-02-05,4.870724295458402,5.02028113869821
USA-002895,CUST-0241,2023-12-09,6.9259149580433705,5.704882012932073
USA-001887,CUST-0158,2024-06-30,7.176197833876438,5.31693907913822
USA-001600,CUST-0138,2024-05-16,6.705596320586642,6.13462383967133
USA-002666,CUST-0221,2024-01-24,10.944754773800522,7.3416830516535345
USA-001728,CUST-0147,2023-11-07,8.115236768950627,5.03411441246264
USA-002958,CUST-0246,2023-10-24,4.72612518824468,7.524140863776947
USA-001065,CUST-0091,2024-01-02,9.046326530031772,6.121351340451963
USA-004073,CUST-0337,2023-12-22,7.331224145268737,5.487506965820624
USA-001713,CUST-0146,2023-06-17,3.0436300523627917,5.550056399094227
USA-004675,CUST-0389,2024-03-19,5.38325264021933,6.585912410123056
USA-004339,CUST-0358,2023-11-06,3.5744986019366864,5.055315126622069
USA-002711,CUST-0224,2023-07-19,6.510668376353895,6.441155981105829
USA-002394,CUST-0198,2024-04-27,3.888280202638912,5.717591377543874
USA-002939,CUST-0244,2024-04-12,9.877205151628985,7.43534970449584
USA-004695,CUST-0391,2023-07-04,3.1868637550559082,4.556836914675216
USA-002965,CUST-0247,2024-03-12,7.434204806584901,6.278962222787279
USA-001454,CUST-0125,2023-10-25,6.866135501133272,5.570881019341188
USA-004190,CUST-0346,2023-11-09,8.798231949813601,5.84484689589533
USA-002258,CUST-0188,2024-06-22,24.134098779699137,8.45757677557281
USA-002723,CUST-0225,2024-03-22,4.6303859230508015,4.333149577346008
USA-002633,CUST-0218,2024-03-01,6.388998744352541,4.785753159666645
USA-004055,CUST-0334,2023-08-15,8.652765756419248,5.948148021539042
USA-000154,CUST-0014,2023-12-31,21.35925400487816,4.721352425042003
USA-004569,CUST-0382,2023-07-22,13.975661757763778,9.078190134757564
USA-000454,CUST-0037,2023-09-09,0.8659406567911839,1.2875084762761733
USA-002245,CUST-0186,2023-11-04,4.995722997362361,5.046305664465323
USA-003356,CUST-0276,2023-08-04,8.735065813351772,4.66498780343751
USA-001506,CUST-0131,2023-10-19,1.9209102732456231,4.569315812067683
USA-001214,CUST-0104,2024-02-14,6.08929518276775,4.015681517194471
USA-000099,CUST-0009,2024-05-28,6.4254951983660815,4.175973826401646
USA-000845,CUST-0070,2024-05-22,6.148923852472542,4.790416075165262
USA-003267,CUST-0269,2024-04-12,5.246835976620467,3.53282162581469
USA-001028,CUST-0088,2023-07-15,2.7011979630808396,2.5759463091012136
USA-000058,CUST-0005,2023-11-24,3.6436615139301076,3.9329659914420665
USA-000266,CUST-0022,2023-06-29,6.306996833779886,5.226482758474569
USA-004387,CUST-0363,2023-09-15,7.4653896827241,5.995540483050058
USA-004374,CUST-0362,2023-08-12,6.61670932862641,5.399218936760204
USA-003918,CUST-0322,2023-06-16,9.4407478340788,5.480437880201756
USA-001105,CUST-0095,2023-11-19,4.200446888596547,4.563978743848117
USA-001089,CUST-0093,2023-07-04,1.9104224038478947,6.041257060750301
USA-000415,CUST-0034,2024-06-16,6.965158978732173,5.499338704459611
USA-002656,CUST-0221,2023-09-08,8.210246067897089,7.575192928340192
USA-002010,CUST-0169,2024-01-25,9.23215620954646,6.576613939521581
USA-003888,CUST-0320,2023-12-06,2.350656478995411,2.9742238733492696
USA-002166,CUST-0181,2023-08-24,8.935869283973606,6.542379014258005
USA-000062,CUST-0006,2023-06-17,4.800332057559327,4.930735845403243
USA-002825,CUST-0234,2023-06-14,4.973621824697919,3.816078471914799
USA-000716,CUST-0058,2023-06-19,6.710024795483661,4.705869905873348
USA-002446,CUST-0202,2024-06-23,5.073022898007595,5.434613349660093
USA-003281,CUST-0270,2024-05-25,3.251926426769124,4.707670934661331
USA-004025,CUST-0331,2023-06-27,7.738614903883624,6.482077526224556
USA-003310,CUST-0272,2024-02-05,5.381209753356497,4.783349929078003
USA-000329,CUST-0027,2023-11-02,5.765851588291049,6.250104701814616
USA-000092,CUST-0008,2023-11-27,6.781522359524097,5.528860427971797
USA-001326,CUST-0112,2023-06-05,5.410673564377076,3.2404896499206
USA-003271,CUST-0269,2024-05-22,4.683624645148766,4.704381246376335
USA-002848,CUST-0236,2024-03-01,3.2541588111833963,5.427126612908866
USA-003681,CUST-0304,2024-04-23,6.627320103880355,4.0763203333677565
USA-000093,CUST-0008,2024-06-22,7.00685468993597,5.617870984269811
USA-004291,CUST-0353,2023-06-05,19.71753256530547,4.774772876334645
USA-003480,CUST-0287,2023-09-07,4.89254634478058,5.917214813442479
USA-004574,CUST-0382,2023-12-14,12.253408354383817,8.726441897883118
USA-001471,CUST-0126,2023-11-30,1.8771316473952584,2.676104155561105
USA-002018,CUST-0170,2023-10-03,9.234869696612282,7.909288885744181
USA-004562,CUST-0381,2024-02-04,7.669969509414493,5.532962626375141
USA-001613,CUST-0139,2024-01-15,6.913020253140739,7.105590243496455
USA-004053,CUST-0334,2024-03-26,-3.0846759153767245,6.729047052777465
USA-002573,CUST-0212,2023-12-16,3.5133096226736162,2.396884802501445
USA-002143,CUST-0179,2024-06-05,1.8633307068852032,3.4620829312083785
USA-000382,CUST-0031,2023-08-11,5.9221957295824215,5.472111909485742
USA-003390,CUST-0280,2024-04-04,3.0765266441070667,5.614861872485107
USA-001075,CUST-0092,2023-12-06,12.562113247723168,6.189022335795202
USA-002611,CUST-0216,2023-08-30,12.870194618886746,7.129019575421862
USA-000836,CUST-0069,2023-08-26,10.790527200918717,8.828137586613174
USA-001124,CUST-0096,2023-06-23,7.664064938310259,5.578234125342317
USA-003079,CUST-0255,2024-01-16,5.918293782339895,5.911053303362966
USA-000253,CUST-0021,2023-06-26,8.959024178436366,6.579318414806228
USA-002066,CUST-0173,2024-03-22,4.751214288731764,4.559149093655286
USA-001799,CUST-0152,2023-12-28,6.234276418500535,5.013338290143869
USA-004410,CUST-0365,2023-06-20,5.229748686220882,5.253275657517733
USA-004195,CUST-0346,2023-12-04,6.028551062761708,4.703835141489879
USA-002785,CUST-0230,2023-09-15,10.2832799790539,6.110910320157172
USA-003336,CUST-0275,2024-05-16,8.050001029340523,6.562603469351355
USA-002095,CUST-0174,2023-10-18,1.3167098008233515,2.242068252811077
USA-003034,CUST-0252,2024-03-03,10.32396903681051,5.579016396981997
USA-003416,CUST-0282,2023-10-07,9.284852167078062,6.618886952177516
USA-002092,CUST-0174,2023-10-29,2.3358491166803863,2.121201219825931
USA-001239,CUST-0106,2023-11-25,10.6078512975196,7.389332198007237
USA-003953,CUST-0326,2024-05-22,4.207853890703083,4.085257652800322
USA-001580,CUST-0136,2023-06-01,3.3473751462205352,3.8824810965058068
USA-002650,CUST-0220,2024-03-04,5.808297558849006,6.3918287747538844
USA-004090,CUST-0338,2023-06-02,8.685557596051336,5.562488627523108
USA-003140,CUST-0260,2023-11-23,10.94991422085287,8.296030172800332
USA-002307,CUST-0192,2024-03-02,4.613024461177028,5.146613235209589
USA-003734,CUST-0309,2023-07-27,7.9234827059595805,4.852225824031686
USA-002533,CUST-0209,2023-11-24,2.2573485792571018,4.844209815380258
USA-002059,CUST-0172,2023-11-20,9.369508149013207,5.874249221893134
USA-004184,CUST-0345,2024-05-01,8.114978942734366,6.4399606811700165
USA-004455,CUST-0369,2023-10-06,5.962308964073012,4.323666127313488
USA-004232,CUST-0349,2023-06-24,4.898710816444362,3.5603032030632584
USA-003957,CUST-0326,2024-01-06,5.063697740668214,2.985968339747887
USA-001224,CUST-0105,2024-03-15,6.970589458489828,7.682641028674605
USA-004388,CUST-0363,2023-08-31,6.076701111687342,3.8710839952645544
USA-001857,CUST-0155,2023-12-23,9.3924776608022,6.679422489068339
USA-000577,CUST-0046,2023-10-20,5.502426512626175,3.9364284270130794
USA-001042,CUST-0089,2023-10-08,8.18355588702544,6.091631745880692
USA-001049,CUST-0090,2023-06-14,7.011545115457357,6.201840047084514
USA-000762,CUST-0062,2024-05-04,5.657906925029428,4.440629743070953
USA-003241,CUST-0267,2024-04-03,1.0051683234313327,3.2928100465426677
USA-003506,CUST-0289,2024-01-09,7.728447936420455,6.669958954893052
USA-004118,CUST-0340,2023-08-02,5.190020103040521,6.0927132198981635
USA-002802,CUST-0232,2023-10-22,8.751600246074101,7.123821979500297
USA-001566,CUST-0135,2024-01-10,6.98347626478392,3.9394873484278614
USA-000241,CUST-0020,2024-03-30,3.87491127981016,3.2087418797909613
USA-002558,CUST-0211,2023-06-17,6.312026027100536,7.746005856980984
USA-002661,CUST-0221,2024-06-01,7.8970387509462086,6.910564266674141
USA-001560,CUST-0134,2023-06-15,9.223960677996367,7.32752215814714
USA-003747,CUST-0310,2024-05-22,6.454889915295395,7.331218954122528
USA-004373,CUST-0362,2023-09-25,2.836675016335665,3.7781637479937196
USA-002492,CUST-0206,2024-01-31,2.4225232071167073,5.735410118427989
USA-003172,CUST-0262,2023-11-15,3.6867023037345077,4.311999377082026
USA-000954,CUST-0081,2023-09-02,7.44952652965341,5.490094460984545
USA-004140,CUST-0342,2024-03-02,8.404269254657862,5.115564239432882
USA-001129,CUST-0097,2023-09-11,6.774353917656217,4.432858670832433
USA-001017,CUST-0087,2024-03-09,2.4321362207387023,3.1191904880249117
USA-004651,CUST-0388,2024-01-30,6.9190423149713345,5.10684070968916
USA-001242,CUST-0106,2024-05-04,8.13637429339809,5.977523295159998
USA-004417,CUST-0365,2023-12-03,2.9201706108283925,4.751076449423935
USA-000428,CUST-0035,2024-06-23,11.416124632826651,5.280651541266509
USA-000644,CUST-0052,2023-07-01,6.537396948372976,6.437888339470611
USA-002295,CUST-0190,2023-09-20,9.567647156142943,8.3976127101497
USA-001678,CUST-0143,2023-09-16,7.516880513296079,7.705675084487011
USA-004006,CUST-0330,2024-02-12,6.861338838989312,7.689757896049745
USA-003413,CUST-0281,2023-06-27,4.720450298590615,5.9366473425768875
USA-000893,CUST-0075,2023-08-02,10.079804057258823,8.043876987894178
USA-002355,CUST-0195,2024-02-02,7.0832815915185945,4.494529440835113
USA-004363,CUST-0360,2024-02-21,4.391103755141862,4.8217862760214425
USA-000665,CUST-0053,2023-06-26,6.670319603263719,2.9212752402920463
USA-003554,CUST-0293,2023-08-31,4.567521916402995,5.728304264967354
USA-001128,CUST-0096,2023-07-20,10.941646840248712,6.38721000078252
USA-002310,CUST-0192,2023-11-09,7.830430574838887,6.598686586536921
USA-001859,CUST-0155,2024-05-26,5.694899723409034,6.337775389079941
USA-004624,CUST-0386,2023-08-07,4.789867465290428,3.9417682543121577
USA-002752,CUST-0227,2023-09-30,3.9755590395822784,3.2435454696515693
USA-003315,CUST-0273,2024-04-30,3.559634858094923,4.956446041386221
USA-003095,CUST-0256,2024-03-21,4.9216582982444175,4.11688410170665
USA-002149,CUST-0179,2023-10-29,4.055706381694795,3.2960458518472135
USA-000919,CUST-0078,2023-11-04,4.260741151225734,2.9872194913723424
USA-001348,CUST-0114,2023-11-11,2.2444065943650386,3.586631229505132
USA-003141,CUST-0260,2024-04-13,22.15118261261553,6.917046754831571
USA-002182,CUST-0182,2024-03-23,3.848829024273738,4.677456997334474
USA-002733,CUST-0226,2024-05-20,7.30462707461625,4.80722108243637
USA-000743,CUST-0060,2023-10-06,7.185496294994398,6.036238449137168
USA-000955,CUST-0081,2023-07-21,7.381097518029131,4.353728672185648
USA-000009,CUST-0001,2023-09-28,7.245961218453659,6.119480470963427
USA-001557,CUST-0134,2024-01-13,7.364302095216723,8.183772719364955
USA-000551,CUST-0045,2024-06-04,6.187264290848429,3.8250539646371893
USA-000181,CUST-0016,2024-01-31,9.284313034474977,3.194856773020206
USA-000568,CUST-0046,2023-12-09,3.8786207509819155,2.773659098165875
USA-002822,CUST-0234,2024-03-04,4.938674950128648,2.392928129775021
USA-000250,CUST-0021,2023-12-08,4.000231055620324,7.477058089195246
USA-004693,CUST-0390,2023-06-23,9.289543895776854,8.571813395753281
USA-000569,CUST-0046,2024-01-28,4.328154164094485,3.487837992819908
USA-003775,CUST-0312,2024-05-25,10.866614698551627,7.496172265777536
USA-003676,CUST-0303,2023-09-28,7.768423326454165,5.858153277191736
USA-002113,CUST-0177,2024-01-08,7.537311009659609,5.434432437281189
USA-004354,CUST-0359,2024-03-20,-8.81833698290049,5.722962171366208
USA-002500,CUST-0207,2023-08-28,9.481229993860003,4.87684259402655
USA-000918,CUST-0078,2023-08-28,5.309207684596023,5.81066650532801
USA-002185,CUST-0182,2024-02-18,7.068913895838519,3.5864253586679555
USA-001982,CUST-0167,2023-09-08,8.403246243679245,5.487003437812312
USA-000562,CUST-0045,2023-10-19,2.752897453836183,5.337925946201088
USA-003882,CUST-0320,2023-06-30,4.8546154907700805,4.497759022475624
USA-001964,CUST-0165,2024-02-23,8.28490675464854,5.733428065644054
USA-001495,CUST-0129,2024-06-13,3.733342327052079,3.559230225062143
USA-003008,CUST-0250,2023-06-02,3.8396846604823214,4.669456132738299
USA-004337,CUST-0358,2024-01-14,5.451099186100034,5.141990936973351
USA-004470,CUST-0371,2023-09-16,3.8628853976500674,3.1307001436685624
USA-002264,CUST-0189,2024-05-30,3.0333371957573965,3.150964665549055
USA-004583,CUST-0383,2024-04-29,10.986067168814731,7.8566992627393395
USA-000059,CUST-0005,2024-04-13,2.3198178101961595,4.0466980013505385
USA-002030,CUST-0170,2023-10-04,7.724992384619325,5.735398683308171
USA-000037,CUST-0004,2023-09-02,7.098207003641928,5.645796206880534
USA-002559,CUST-0211,2024-05-27,6.395950232023748,5.3410990029180345
USA-001854,CUST-0155,2024-04-25,7.438709693448172,6.613370520245713
USA-004344,CUST-0359,2023-11-23,4.964292866408593,4.337765466858718
USA-003552,CUST-0293,2023-07-20,6.178555031297707,5.3682753612680765
USA-003878,CUST-0320,2024-01-31,3.4053594385456543,4.031128053466617
USA-001379,CUST-0117,2023-12-29,4.106376441401324,4.301497042576274
USA-004585,CUST-0383,2023-09-21,12.725680819369389,8.428880517664561
USA-003258,CUST-0268,2023-09-21,5.565467038561807,7.905261680697815
USA-001550,CUST-0133,2024-05-01,10.945514297832574,7.1787952523688405
USA-000566,CUST-0046,2024-02-11,6.647385324118372,5.385876494485149
USA-004217,CUST-0348,2024-01-11,2.805382218272349,3.318139061601434
USA-001552,CUST-0134,2024-05-03,9.7589865165502,5.6546604450695686
USA-000916,CUST-0077,2024-04-06,7.195188606365797,5.1360468232784005
USA-001816,CUST-0153,2024-05-14,7.267014424085499,6.105761367427108
USA-002920,CUST-0242,2023-08-06,0.55804325968753,5.94524762990658
USA-003778,CUST-0312,2024-05-16,12.512634902996727,5.426514561908726
USA-001241,CUST-0106,2024-02-22,10.723261879201226,7.054088284792163
USA-000698,CUST-0056,2023-12-13,8.719870310403607,5.495198701029705
USA-000143,CUST-0013,2024-05-25,3.3209217562166224,4.643441476845536
USA-000666,CUST-0053,2023-11-20,6.487253164497281,4.27246026732082
USA-002869,CUST-0238,2023-09-24,3.761199396254673,3.421580768204376
USA-002119,CUST-0177,2023-12-16,5.711841658347973,3.7077995138302597
USA-004547,CUST-0379,2023-08-08,0.0,1.1609326822690016
USA-001856,CUST-0155,2023-11-14,8.015270290552861,4.7722291284260665
USA-001785,CUST-0151,2024-01-09,7.1647352830872855,4.916870790097794
USA-003937,CUST-0324,2024-03-14,9.143101213658413,5.422154635693049
USA-001701,CUST-0145,2023-06-30,4.853832294788979,4.206099492461186
USA-001661,CUST-0142,2024-01-28,7.772728561563438,3.9355985840257377
USA-001292,CUST-0110,2023-06-17,7.01942609300653,6.173303859642104
USA-000590,CUST-0047,2024-01-08,5.058414485939011,3.6498203723925426
USA-004004,CUST-0330,2023-08-26,5.57889217651884,4.565142137178752
USA-000128,CUST-0012,2023-10-24,8.0537261134799,4.362312618002149
USA-000074,CUST-0007,2023-10-07,6.829923858712092,4.502845825121685
USA-001828,CUST-0153,2024-05-05,7.787556772290613,5.678441721962092
USA-004442,CUST-0368,2023-09-06,6.6996776114486885,5.740143379691328
USA-002536,CUST-0209,2023-10-02,2.514091129888142,5.620493323266917
USA-000243,CUST-0020,2024-06-28,2.3694914066704325,5.276071106397351
USA-004581,CUST-0383,2023-09-22,9.854147377881171,6.845451269475238
USA-001492,CUST-0129,2023-12-22,6.410991980872446,4.039136923459139
USA-002876,CUST-0239,2024-02-15,3.998614140092495,2.064249740677056
USA-001591,CUST-0137,2023-11-13,8.545359907275229,7.026818216819567
USA-003016,CUST-0251,2024-03-03,5.7240280401783785,5.560210651738105
USA-000693,CUST-0056,2024-03-27,8.870991379017344,6.2544545793967785
USA-002861,CUST-0237,2024-03-23,7.541550184950511,3.680944392040529
USA-000633,CUST-0051,2024-02-15,0.0,1.3693721660011908
USA-002821,CUST-0234,2024-05-10,5.149762916534996,3.589291422354763
USA-000933,CUST-0079,2023-10-09,8.25195587235935,4.996965155276543
USA-004277,CUST-0352,2023-12-19,7.036335923904959,5.821844194221792
USA-001057,CUST-0091,2023-06-29,10.282413987397984,5.448284498785954
USA-002801,CUST-0232,2023-07-12,7.143411943943205,6.281487730004504
USA-000179,CUST-0016,2023-07-01,8.09659517866722,5.523920226662261
USA-003372,CUST-0278,2023-10-16,7.253954327396803,5.2251662397239835
USA-002070,CUST-0173,2024-04-11,5.045103146929228,4.396154719282387
USA-000634,CUST-0051,2023-10-26,0.0,1.528783006193183
USA-004589,CUST-0383,2024-05-14,9.960663988545303,7.540696285001331
USA-002892,CUST-0240,2023-08-11,5.829573162245716,5.642774446023269
USA-001062,CUST-0091,2024-02-23,7.762970720514026,6.131476895930264
USA-004167,CUST-0344,2024-01-09,5.7851064175198275,4.059936564068077
USA-001363,CUST-0116,2023-08-04,5.583367517571224,4.467704379365596
USA-004390,CUST-0363,2023-06-20,9.61185928161853,5.315732356038149
USA-004003,CUST-0330,2024-03-30,7.044194879973976,4.516777407516102
USA-004458,CUST-0369,2023-09-23,10.787098074377708,5.429729199329975
USA-000047,CUST-0005,2023-11-05,1.9387809024083213,3.429389551235416
USA-000244,CUST-0020,2023-10-30,5.407070820601824,1.5813850152250057
USA-002398,CUST-0199,2023-09-15,-9.21516851693237,4.7225202329426015
USA-002880,CUST-0239,2024-04-13,2.6631773998732657,5.062525597744298
USA-003528,CUST-0291,2023-07-02,9.43261470336329,3.7814194446340927
USA-002532,CUST-0209,2024-05-21,2.1647883816615145,4.558787350087499
USA-004028,CUST-0332,2023-11-25,4.395395084927056,3.5532752786491186
USA-004129,CUST-0341,2023-10-16,9.289690616655827,4.777020964048767
USA-004253,CUST-0350,2023-10-27,3.6772907708301252,3.4211717902701198
USA-000571,CUST-0046,2024-04-29,5.584354429721441,3.8519880158719415
USA-002207,CUST-0184,2023-08-09,12.531617492635664,6.507360103541677
USA-003683,CUST-0304,2023-08-02,6.393006097063115,5.608538454475953
USA-003152,CUST-0261,2024-03-28,11.475886663813762,7.590397952027894
USA-001166,CUST-0099,2024-05-08,4.910436303678196,3.1630384525362585
USA-002832,CUST-0235,2024-02-02,5.694014058740043,4.215511609652587
USA-002790,CUST-0230,2024-06-01,10.346481924932212,6.90795148175812
USA-002244,CUST-0186,2024-05-27,6.180842212528065,3.1417235867988644
USA-002158,CUST-0180,2023-08-18,9.373441914871322,5.736710543440049
USA-000554,CUST-0045,2024-02-12,1.8071989140492035,4.435244879674133
USA-003419,CUST-0282,2023-09-05,9.531768594391096,6.040098529804063
USA-002647,CUST-0220,2023-11-04,10.234275857665176,5.343708620649235
USA-001324,CUST-0112,2024-02-01,6.729520492164334,4.5613276938864
USA-000374,CUST-0030,2023-10-28,7.929510666000714,2.4739328202019624
USA-003990,CUST-0329,2024-02-22,2.101731974296226,4.61014729095501
USA-003305,CUST-0272,2023-10-15,6.241739119044329,4.206859265599116
USA-004092,CUST-0338,2023-07-01,8.265797236382356,6.070923031399335
USA-003617,CUST-0299,2023-06-27,3.3140471855067255,4.701977836792488
USA-000912,CUST-0077,2024-04-16,7.595403376946546,6.487153697045644
USA-002210,CUST-0184,2024-05-06,8.637783732913634,8.814973063900489
USA-002678,CUST-0222,2024-05-02,7.9600034486787665,4.764960537672175
USA-002672,CUST-0221,2023-11-04,8.603515428263783,6.498615809834394
USA-000580,CUST-0047,2024-03-18,3.023319712434637,4.7488920786804325
USA-002287,CUST-0190,2024-02-08,4.474048351246667,5.994507945810022
USA-003846,CUST-0318,2023-10-18,5.970968209223024,2.32832843651654
USA-004164,CUST-0343,2023-10-20,7.286116352977504,5.098519979495146
USA-001690,CUST-0144,2023-09-18,7.805209702888025,3.950201764230238
USA-002262,CUST-0188,2024-03-07,6.961198729180529,6.821870968376383
USA-002364,CUST-0196,2024-03-31,6.825872081271459,4.414352560570676
USA-001636,CUST-0141,2024-04-17,7.016024239073612,4.815228708929144
USA-002873,CUST-0238,2023-11-30,1.3253197009520883,2.712932428038982
USA-000749,CUST-0060,2023-07-14,3.352079281015293,5.383379397070561
USA-002138,CUST-0179,2024-03-06,4.384099246799689,4.729757987331402
USA-002924,CUST-0243,2024-01-05,4.807387395388973,3.492558216670267
USA-000629,CUST-0050,2024-05-30,9.533794893520449,6.97835187100566
USA-002301,CUST-0191,2023-09-22,2.383049271196465,3.742787596067081
USA-002173,CUST-0181,2023-06-26,10.033389238561261,6.039154198758495
USA-003558,CUST-0293,2023-11-14,5.436466379324191,4.217175335572256
USA-004075,CUST-0337,2023-08-05,8.096012709970909,5.540617250820852
USA-002137,CUST-0179,2023-10-03,4.673138925317004,4.2236676131521
USA-001801,CUST-0152,2023-09-19,7.406901008207435,6.316428620938092
USA-000285,CUST-0023,2023-11-01,3.4154222578661084,4.803810665381777
USA-004319,CUST-0356,2023-08-17,8.62240180124104,5.827334910535332
USA-001563,CUST-0134,2024-05-28,9.409512203062542,6.978304063941982
USA-003273,CUST-0270,2024-06-11,3.9885477343513003,4.156498545933391
USA-001614,CUST-0139,2023-06-11,7.817671343418905,4.421293426786786
USA-003531,CUST-0292,2023-07-14,5.312898962638043,4.620303073623418
USA-002101,CUST-0175,2023-12-29,5.989213487919775,4.956692916114735
USA-003584,CUST-0295,2024-03-06,4.046709710276506,4.27468758845154
USA-002704,CUST-0224,2024-04-03,7.453650539469538,7.060274157534531
USA-001395,CUST-0118,2023-09-28,8.491924655335641,6.010549413667578
USA-003030,CUST-0252,2023-10-28,6.387318318997149,6.215144625313651
USA-002769,CUST-0228,2023-07-12,5.527796417713917,6.240090049706133
USA-002170,CUST-0181,2023-12-14,9.220646554723057,8.181316631606826
USA-004523,CUST-0377,2024-05-27,8.998432454086078,6.44093995198105
USA-002168,CUST-0181,2023-08-05,6.741880699371168,4.713364285603479
USA-001502,CUST-0130,2023-06-20,1.3296266922323094,3.530775038307759
USA-001269,CUST-0108,2024-01-17,3.707674020124824,5.981738536714976
USA-001651,CUST-0142,2024-03-16,5.003868201789196,6.134505330341552
USA-002943,CUST-0245,2023-08-13,8.809120489585112,5.835273946063782
USA-003516,CUST-0290,2023-10-30,8.94448127817502,5.315373224715576
USA-000434,CUST-0036,2024-03-28,9.751682570038568,5.65468507181065
USA-002449,CUST-0202,2023-08-27,8.428795475939378,6.080515276529784
USA-000388,CUST-0031,2023-09-25,7.4124629050244435,6.039950358490804
USA-002331,CUST-0194,2023-06-04,3.822991815833034,3.365500342740373
USA-002453,CUST-0202,2023-11-17,5.690458979100602,5.241983673564882
USA-001768,CUST-0150,2024-05-25,4.067896013631069,5.950891312768157
USA-003126,CUST-0259,2024-01-22,5.33834601300884,7.541842133971888
USA-003545,CUST-0292,2023-07-20,5.136276817026694,5.882168226851978
USA-002594,CUST-0215,2023-06-12,5.810705047277427,4.769990606377123
USA-000688,CUST-0056,2024-01-17,7.93280865063641,6.600387248815499
USA-002937,CUST-0244,2023-10-26,5.379095054175538,3.402991903270891
USA-003380,CUST-0278,2023-07-05,6.8889147487836295,6.931539430213466
USA-002797,CUST-0232,2024-04-12,7.743775621739022,6.541487435167596
USA-002034,CUST-0171,2023-12-21,23.82735927236253,5.917365670542549
USA-003629,CUST-0300,2023-07-03,3.6956685930081523,4.413213416817779
USA-001227,CUST-0105,2024-05-05,10.136201371529998,5.8121524869381505
USA-004288,CUST-0353,2023-09-23,7.294414205021395,2.9669847848281714
USA-004191,CUST-0346,2023-06-15,5.091039480601283,4.216517348843413
USA-004476,CUST-0372,2023-06-23,4.097536473625877,5.457860052809168
USA-000493,CUST-0040,2023-11-14,7.294726321385812,3.5525965246366646
USA-000959,CUST-0082,2024-01-19,6.702069885252375,4.970269993324912
USA-003796,CUST-0314,2023-09-29,12.093569018935073,7.514007771194314
USA-001485,CUST-0128,2023-12-09,5.185847323373075,6.200491975278026
USA-000240,CUST-0020,2024-04-04,5.580682516014146,3.962521400895729
USA-003761,CUST-0311,2023-12-11,23.128411715555668,7.9165619442935435
USA-000406,CUST-0033,2023-11-02,10.714767025580738,5.192708496696231
USA-000658,CUST-0052,2023-09-29,8.185388404348927,4.2832134865897835
USA-003553,CUST-0293,2023-07-13,7.33387847291493,4.546962581040924
USA-003199,CUST-0264,2024-06-04,9.399739628459617,5.5805156784451855
USA-001045,CUST-0089,2023-12-29,6.050482764822655,6.1928256912834865
USA-002249,CUST-0187,2024-01-07,10.007449650088542,7.051811163407583
USA-003277,CUST-0270,2024-02-13,4.5527814480529045,4.462109658443254
USA-001993,CUST-0168,2023-11-26,3.9697067169922713,3.072045518898287
USA-004335,CUST-0358,2023-11-11,7.507126046520354,6.085098629607887
USA-003694,CUST-0304,2023-11-27,4.783473259613958,3.177868426331205
USA-003824,CUST-0316,2023-09-04,8.396844783095123,4.806628895959945
USA-003036,CUST-0252,2023-11-20,9.044340409868884,6.190269754942101
USA-003107,CUST-0257,2023-08-13,12.291868217682643,6.885686908028515
USA-003637,CUST-0300,2024-02-29,4.75049216450271,4.535989372290261
USA-001415,CUST-0120,2023-08-18,8.789744519428037,6.714818176089553
USA-003171,CUST-0262,2023-12-08,2.890383233001068,3.7525356240080954
USA-001238,CUST-0106,2024-03-25,8.01324952825305,6.712532647018972
USA-003720,CUST-0307,2024-05-24,2.4306571919344364,4.523095011114819
USA-004517,CUST-0376,2023-08-25,2.831419896537949,5.201137854608946
USA-000641,CUST-0051,2023-09-27,0.0,2.168103747510841
USA-000838,CUST-0069,2024-05-19,9.53113336391302,6.400600915079839
USA-002216,CUST-0185,2023-08-19,4.866164605441821,4.819671962619614
USA-004592,CUST-0383,2024-06-18,12.954568445162458,6.905017990581115
USA-002885,CUST-0240,2024-06-15,6.164936093270164,5.396752960767079
USA-003765,CUST-0311,2023-11-23,13.168636623395532,9.56387533754902
USA-004413,CUST-0365,2023-08-05,8.348581875033812,3.1962575918979272
USA-000673,CUST-0054,2023-08-28,0.4932538905200982,3.5819200739013786
USA-003783,CUST-0313,2023-08-08,7.056731727268493,5.249172648506756
USA-000664,CUST-0053,2023-12-04,2.938939233491605,5.832495832275575
USA-004026,CUST-0331,2024-06-12,7.32201728855736,5.102891804457288
USA-001683,CUST-0144,2024-02-17,8.302735271842499,6.596868717448666
USA-004552,CUST-0380,2024-06-15,4.484375822835759,4.316198670472884
USA-002930,CUST-0243,2023-07-22,5.320580107288653,4.899179395714492
USA-003560,CUST-0294,2024-06-26,7.698229800084448,5.459486832172947
USA-001112,CUST-0095,2024-02-11,5.12425575813818,3.8718475852590397
USA-000384,CUST-0031,2023-11-25,5.54553405453804,5.316429047642343
USA-001904,CUST-0159,2023-07-27,4.730057168337534,4.696737642585581
USA-004076,CUST-0337,2024-01-15,4.842875087848556,5.888730626018583
USA-003076,CUST-0255,2023-11-01,7.076071443146409,6.200308045944734
USA-004708,CUST-0392,2024-04-08,4.037742561156502,4.4269380502975855
USA-001968,CUST-0165,2023-06-19,7.84876924106282,7.70656127951301
USA-000911,CUST-0077,2023-09-12,6.073097467382244,6.671948220587751
USA-002024,CUST-0170,2024-06-28,9.28863442015795,5.9692747986510994
USA-004048,CUST-0334,2023-10-07,7.852458801455017,5.956255112179334
USA-001647,CUST-0141,2023-10-22,3.6337666658081713,4.962316250851337
USA-003928,CUST-0323,2023-08-17,1.2614758584431969,2.6133632610988653
USA-003844,CUST-0317,2023-09-04,4.499910530367179,6.2969061593292865
USA-004641,CUST-0387,2023-11-24,4.595534729194352,3.7265260143795462
USA-003136,CUST-0260,2024-06-30,10.062595961790723,9.09583506373776
USA-001425,CUST-0121,2024-05-01,12.4764153246811,5.242743687677432
USA-001219,CUST-0104,2023-11-27,6.298749385486412,4.297315701438167
USA-000654,CUST-0052,2023-07-19,6.297354849927967,6.326826938191191
USA-004575,CUST-0382,2024-04-03,11.655245022206978,6.935668260043227
USA-000800,CUST-0064,2023-06-20,2.559913987194681,5.817405469596822
USA-003626,CUST-0299,2024-05-16,2.879028868725193,4.633256804192175
USA-001006,CUST-0086,2023-08-29,9.367264611056337,6.343232118560709
USA-002419,CUST-0200,2024-02-07,6.3904168311490634,5.022610124689909
USA-004081,CUST-0338,2024-03-10,9.862510190303823,6.691553176294538
USA-002951,CUST-0246,2023-09-28,2.5800226577268877,5.368406457077969
USA-004497,CUST-0374,2023-12-26,5.140859077991398,4.603514298642606
USA-000390,CUST-0032,2024-04-20,3.4954068530992566,4.344906659538103
USA-004318,CUST-0356,2023-08-19,12.331399664256434,6.97240604607994
USA-000036,CUST-0004,2023-08-05,10.866167043124877,6.366278438691965
USA-001615,CUST-0139,2024-03-16,4.517337730676813,4.877091948321465
USA-001405,CUST-0119,2023-12-01,8.704923507872858,5.940969389513445
USA-001338,CUST-0113,2023-10-31,7.332748259590024,7.875869232129618
USA-003589,CUST-0296,2024-05-15,3.5234504744932025,3.4339052170512647
USA-003899,CUST-0321,2023-09-28,8.1097873195739,5.5823764188493605
USA-000579,CUST-0046,2023-11-08,3.7621171579088486,5.544199263908054
USA-000923,CUST-0078,2023-07-03,5.815931013894829,4.866359090587931
USA-000069,CUST-0006,2024-03-03,9.399014952683032,5.49425166826396
USA-003555,CUST-0293,2024-06-18,5.507787799742635,5.505506847878814
USA-003869,CUST-0319,2024-05-06,6.229349683280345,4.774611143725015
USA-003588,CUST-0296,2023-12-07,4.885844415437795,5.489884344933009
USA-000403,CUST-0033,2024-02-24,6.435540082726259,6.495330939150124
USA-000799,CUST-0064,2023-08-31,3.767636011191738,3.6053924632189487
USA-001156,CUST-0099,2024-04-10,1.4169028847559808,3.319723746743835
USA-000706,CUST-0057,2024-03-18,4.30522231034664,2.5934091723730193
USA-000078,CUST-0007,2023-09-10,4.970648921999164,4.730950980698789
USA-004526,CUST-0377,2024-03-23,10.990067867581518,6.060719445960604
USA-004313,CUST-0356,2024-01-31,-6.62368958740157,4.50543157307904
USA-001755,CUST-0149,2024-02-01,1.2881331748051972,4.618718880571173
USA-003072,CUST-0254,2023-06-29,4.780385739834117,5.795805647959474
USA-000804,CUST-0065,2024-01-16,8.153117151104349,3.475270265179236
USA-002568,CUST-0212,2023-11-09,5.523303718775052,2.939605330097951
USA-004536,CUST-0379,2024-04-19,0.0,3.291354738070229
USA-003853,CUST-0318,2023-10-22,3.9131500185916908,4.4714197239260045
USA-001978,CUST-0166,2024-04-26,4.2473419548620175,4.7349310888245375
USA-000035,CUST-0004,2024-06-05,9.343127914905885,6.940211688998556
USA-001306,CUST-0110,2024-05-02,7.184674016514648,5.879824952604386
USA-003123,CUST-0259,2024-06-26,10.788525722038901,6.4619886895865815
USA-004231,CUST-0349,2023-11-21,5.558694675193043,5.98304507848606
USA-002109,CUST-0176,2023-07-09,4.689821305204951,4.835054831844317
USA-004072,CUST-0337,2023-07-07,7.848749563896766,5.851397046633242
USA-000440,CUST-0036,2023-10-18,7.149747845562381,5.685841106976418
USA-003321,CUST-0273,2024-06-08,0.418628996188255,4.235038111962953
USA-002725,CUST-0225,2023-07-30,3.4204609668918584,2.6480869981571034
USA-002941,CUST-0245,2023-12-12,6.700210556391324,6.633435646742571
USA-002520,CUST-0208,2024-04-28,5.175338408691138,6.717431175360891
USA-000985,CUST-0084,2023-07-15,8.327719486880309,6.712428973942285
USA-000467,CUST-0038,2023-06-14,6.349272194030713,5.824465009166837
USA-002159,CUST-0180,2023-11-08,9.547826101755295,6.706736259345574
USA-002756,CUST-0228,2024-06-03,3.6924203218274854,4.123123361910396
USA-000149,CUST-0014,2024-06-27,5.586589935367185,5.07432623022017
USA-000980,CUST-0083,2023-07-20,3.7162907688542086,2.297752837484002
USA-001111,CUST-0095,2024-05-31,0.2959147611432922,4.834698663368307
USA-002569,CUST-0212,2023-11-05,4.9402140483062995,5.206127720195452
USA-001937,CUST-0162,2023-07-26,6.752452786799149,4.8940828877063165
USA-000884,CUST-0074,2023-07-11,6.775733839060471,3.796759108015189
USA-003565,CUST-0294,2023-08-10,5.8703096683954215,4.277792427400938
USA-001100,CUST-0094,2023-10-18,5.627179565051516,6.446190032173879
USA-003753,CUST-0310,2023-10-18,8.668708399634841,4.845170387857893
USA-002012,CUST-0169,2023-09-18,7.620521276063478,4.332662924444806
USA-001520,CUST-0131,2023-06-19,4.521524257802619,4.661043805052145
USA-002118,CUST-0177,2023-12-18,4.5977293807325,5.188269629293185
USA-001179,CUST-0101,2023-09-25,3.8812018060937206,6.130139916602454
USA-001531,CUST-0132,2023-08-11,4.835572075051455,2.411805433244981
USA-002926,CUST-0243,2024-03-11,2.1606361735837774,4.314901972147172
USA-004532,CUST-0378,2023-12-01,4.7222214186918405,5.207615894822743
USA-003895,CUST-0321,2024-02-09,7.022462010155132,7.387353405885279
USA-004612,CUST-0385,2024-04-05,8.730415809131523,6.056375757729008
USA-001016,CUST-0087,2023-09-04,1.4919996725639155,3.410060569199199
USA-003407,CUST-0281,2024-06-21,7.750566277878365,5.035600403269339
USA-001931,CUST-0162,2023-10-16,8.87608466384841,6.897674279248655
USA-000206,CUST-0017,2024-03-23,11.9622603789145,7.124945905451368
USA-000548,CUST-0044,2023-08-14,7.3079201937998866,5.123663490981759
USA-003200,CUST-0264,2024-06-09,12.162191028891181,7.382084178171979
USA-002811,CUST-0233,2024-06-18,8.767753708085216,5.603714362072937
USA-000770,CUST-0063,2023-09-26,6.641866747885681,8.021334299338603
USA-003181,CUST-0263,2024-04-18,3.2683345576313627,1.3757038558387518
USA-002668,CUST-0221,2023-07-29,9.570816494973723,4.066086109687214
USA-002839,CUST-0235,2024-01-26,6.358858583050921,5.267100658883133
USA-002196,CUST-0183,2024-04-05,3.0535665815508204,4.975689965629447
USA-002712,CUST-0224,2024-02-12,5.1334150667204215,4.835324428159601
USA-000221,CUST-0019,2023-06-22,4.917938255168293,4.009836150983628
USA-003785,CUST-0313,2024-04-12,6.76553627675772,6.308521814917508
USA-001986,CUST-0167,2024-04-13,12.310416465992345,6.21463143582362
USA-003319,CUST-0273,2023-07-03,2.503925414170071,2.6237078343205305
USA-000540,CUST-0044,2024-03-24,6.881207084898761,5.42503398785932
USA-000714,CUST-0058,2023-07-17,6.374657739515015,5.773326043891632
USA-004246,CUST-0350,2023-08-14,3.882251719935166,3.3919313868624523
USA-004063,CUST-0336,2024-04-30,6.627932855567579,4.7448031285259376
USA-001648,CUST-0142,2024-06-12,6.230439905321885,3.9716080577267965
USA-002189,CUST-0182,2023-06-20,3.316893885679331,2.280443207019898
USA-004362,CUST-0360,2024-04-07,4.600719535433921,4.885814750730593
USA-004437,CUST-0367,2023-12-02,5.046640280863754,6.444474228884158
USA-002938,CUST-0244,2024-06-17,4.213525342533675,5.817283289061033
USA-000913,CUST-0077,2023-10-18,7.4296379906126555,6.429033194635653
USA-003205,CUST-0264,2023-07-09,8.94997178678755,5.528358483579973
USA-003735,CUST-0309,2023-08-19,5.509340692990895,5.737534711323254
USA-002221,CUST-0185,2024-03-17,5.543309031241479,5.641094429744659
USA-000709,CUST-0057,2024-01-15,3.6758513758238096,5.2060430242425335
USA-002318,CUST-0193,2024-03-10,10.071752754517767,4.194195222416362
USA-002781,CUST-0230,2024-01-04,10.266782450645149,6.966737777862901
USA-002985,CUST-0248,2023-11-10,4.580707906936789,5.260950966140567
USA-001897,CUST-0159,2024-02-11,4.673361668161974,5.01923781190837
USA-002271,CUST-0189,2024-01-06,3.7508181916178867,2.9945051816747275
USA-000460,CUST-0037,2024-03-22,0.0,1.9296943252662917
USA-001681,CUST-0144,2023-07-27,6.155449830703886,4.773202884260758
USA-002035,CUST-0171,2023-07-03,9.495040111717335,3.9424299202234145
USA-001385,CUST-0117,2024-01-10,3.274193606399623,4.713058203756396
USA-000171,CUST-0015,2023-07-23,0.13232398760082975,2.460081895658142
USA-000453,CUST-0037,2023-11-20,1.25665461382396,3.325057395333647
USA-003278,CUST-0270,2024-01-27,3.988174305833869,2.4050112099960113
USA-000831,CUST-0068,2023-10-25,6.55333528559455,4.974360043185854
USA-003854,CUST-0318,2023-06-23,6.829093102119736,3.3383853230309617
USA-004603,CUST-0384,2024-04-20,0.0,4.00477613064222
USA-003054,CUST-0253,2023-11-12,8.086293297489444,5.568993522161667
USA-000876,CUST-0073,2024-02-16,7.275633481594067,8.609011731898581
USA-002335,CUST-0194,2023-10-29,0.6478793536594947,2.7137395204214405
USA-003639,CUST-0300,2023-06-08,3.748122855604538,4.876826765912499
USA-002577,CUST-0212,2023-12-22,7.011574429674048,2.7690176827481063
USA-002984,CUST-0248,2023-11-09,2.4328916307343014,4.731984604779674
USA-002627,CUST-0217,2023-10-19,7.972742979474855,4.88095936285835
USA-003568,CUST-0294,2024-05-13,5.150373808160767,4.313405403170961
USA-001960,CUST-0164,2024-05-31,-4.431828749811065,4.190826584470671
USA-000187,CUST-0016,2023-06-12,7.950765358080172,6.332561588565852
USA-001579,CUST-0136,2023-11-26,4.672636757501368,4.521355871474859
USA-002490,CUST-0206,2024-01-15,4.525825742012286,4.25201042164666
USA-002417,CUST-0200,2023-08-27,2.3766942725084763,4.450735224612223
USA-001770,CUST-0150,2023-08-14,3.981198460770481,2.705608252078427
USA-004282,CUST-0352,2024-01-23,6.993232957371967,5.701995060707661
USA-002408,CUST-0199,2023-07-17,6.732749241704064,3.9243251210263184
USA-001680,CUST-0144,2024-06-20,8.203321429263214,5.041516917964004
USA-000318,CUST-0026,2024-06-09,7.732545624187055,6.592311933910483
USA-002773,CUST-0229,2023-12-22,8.357463299491178,8.71129390012441
USA-001524,CUST-0132,2023-09-10,6.2197599416608185,4.612842209517849
USA-001776,CUST-0150,2023-12-19,1.8326434944212353,1.6228989565617726
USA-003215,CUST-0265,2024-04-11,7.610276066076522,3.763839543199193
USA-000873,CUST-0073,2023-08-28,9.527265407685036,4.698576204804716
USA-000123,CUST-0011,2024-03-19,4.902531815471633,5.438715780369231
USA-001060,CUST-0091,2024-02-04,9.085258181514655,6.406479093693815
USA-002128,CUST-0178,2023-07-03,8.839926105068061,5.971457234752645
USA-002332,CUST-0194,2023-09-27,2.694415633046884,2.758160033362721
USA-002999,CUST-0249,2024-03-24,3.6152338876353327,2.772519347841794
USA-004052,CUST-0334,2023-08-09,12.26578024277684,7.764076385398157
USA-002321,CUST-0193,2024-05-11,8.374369388011004,3.7062519372067064
USA-000064,CUST-0006,2023-12-28,7.602102004053379,5.783281213342955
USA-004085,CUST-0338,2024-02-12,6.048051355071102,7.603551305834116
USA-002206,CUST-0184,2023-07-06,10.256735713660852,8.102233311716802
USA-001722,CUST-0146,2024-02-25,5.007272284018162,6.115768373091214
USA-001151,CUST-0098,2023-07-18,12.26710935443765,6.730385318465952
USA-003627,CUST-0300,2024-05-04,3.4154250184242185,5.245005493285374
USA-003769,CUST-0312,2023-12-24,11.215200056677286,5.848363745716191
USA-001394,CUST-0118,2023-07-28,11.19367922291244,6.061961728125822
USA-000007,CUST-0001,2024-06-12,6.983258019599617,5.1876819753735255
USA-002814,CUST-0233,2024-06-02,8.268123781588459,6.500221801057616
USA-003689,CUST-0304,2023-06-20,5.3253798234948935,5.476492878696693
USA-001757,CUST-0149,2023-07-30,3.3840502217003454,1.671587433979891
USA-001760,CUST-0149,2023-12-10,0.9984905673132525,3.913543040507732
USA-002946,CUST-0245,2023-07-08,9.592521855830604,5.8001289544844745
USA-003658,CUST-0301,2023-10-17,7.487957498189221,5.514732235850043
USA-002290,CUST-0190,2024-03-18,7.610924436808815,6.5485136651074285
USA-000286,CUST-0023,2024-03-22,0.323606452120055,2.3258018881596194
USA-002026,CUST-0170,2023-11-11,7.257555784902573,7.663441673692599
USA-003000,CUST-0249,2023-12-10,4.818620775162235,3.3968358306577855
USA-001178,CUST-0101,2023-11-26,6.387785020552404,4.914774146983114
USA-004225,CUST-0348,2023-11-29,5.787233536454092,4.510954111336131
USA-002609,CUST-0216,2023-09-29,10.071446069825036,5.449343006999724
USA-000261,CUST-0021,2024-05-09,5.386235845170474,3.8174928733195563
USA-001665,CUST-0143,2023-11-19,7.9592818039946325,6.074240133895259
USA-002482,CUST-0205,2023-08-05,3.6668526449737504,5.611919799748336
USA-001095,CUST-0093,2024-01-06,2.0520547937444893,4.558700341017375
USA-001944,CUST-0163,2023-07-21,12.980651526745389,8.600517231724224
USA-001314,CUST-0111,2024-04-10,9.718987672970176,4.855979746636278
USA-003360,CUST-0277,2023-10-14,5.843367751114512,7.597466376009308
USA-002392,CUST-0198,2023-09-19,8.257049974439862,3.2339981323546487
USA-004208,CUST-0347,2023-11-04,9.732420291241226,6.086538270201226
USA-000214,CUST-0018,2023-12-10,8.656915121181054,5.702995504321043
USA-001892,CUST-0159,2023-08-02,6.868189262660937,5.221963414777772
USA-002593,CUST-0214,2023-08-22,1.5640540417303408,3.8649556395876354
USA-002208,CUST-0184,2024-01-12,11.511689542704838,7.638823468733774
USA-001012,CUST-0087,2023-10-23,1.180871129868983,3.0584450230226783
USA-001611,CUST-0139,2023-10-28,6.32141957851542,3.312980593648104
USA-001610,CUST-0139,2023-10-30,5.080281205729765,6.407307418875057
USA-000207,CUST-0018,2023-06-05,7.677631645532,4.5703314712479095
USA-002163,CUST-0181,2024-04-03,8.578912103829287,6.496757197659024
USA-002657,CUST-0221,2023-07-16,10.19587796337665,5.086660195037307
USA-001995,CUST-0168,2024-06-20,3.2143760264592443,4.353228582304243
USA-000830,CUST-0068,2023-11-19,7.927214973240963,5.983090013059287
USA-002171,CUST-0181,2024-06-26,8.712815713755505,6.735028828872463
USA-004645,CUST-0387,2024-06-13,2.828617723337862,3.6392563221718452
USA-003751,CUST-0310,2024-01-12,8.833343012115403,4.2257434098389
USA-000487,CUST-0039,2023-06-06,8.117163447708858,7.82499792018804
USA-001315,CUST-0111,2024-01-11,7.697203287576813,4.964235987763237
USA-001926,CUST-0162,2024-02-26,6.436049656787454,6.038466962867439
USA-004272,CUST-0351,2023-09-19,8.451448914496787,8.531634552584407
USA-003238,CUST-0267,2024-02-20,-12.891275440378879,1.784964212447894
USA-002824,CUST-0234,2023-09-25,5.182526386595388,2.252623525712367
USA-004477,CUST-0372,2023-12-09,2.878669958699647,5.365994211891075
USA-001939,CUST-0162,2023-09-25,5.740059473499175,4.639201266829803
USA-003571,CUST-0294,2024-02-03,9.366449974246809,5.415046399174859
USA-003257,CUST-0268,2024-04-08,6.296648036199526,6.279969257675055
USA-003349,CUST-0276,2024-02-22,4.619341545169605,4.733363207611185
USA-001261,CUST-0107,2024-01-01,8.124239444808328,8.046185878198948
USA-000486,CUST-0039,2024-03-03,10.003440073304626,5.917640345473938
USA-000338,CUST-0028,2023-10-14,11.240687970423952,6.922948405772367
USA-002621,CUST-0216,2023-11-27,9.481727352762585,5.944860631838877
USA-000684,CUST-0055,2023-08-05,6.185585198206661,4.779721346388744
USA-000289,CUST-0024,2023-10-21,0.7084774617075086,1.900532268986675
USA-001098,CUST-0093,2023-06-11,3.2031339537698957,5.323338358550248
USA-001973,CUST-0166,2023-09-19,3.729458774814301,3.1820798369247756
USA-000996,CUST-0085,2023-09-15,7.792056846508777,3.7460578021806015
USA-003919,CUST-0322,2023-11-29,5.425079610114195,6.437415893428525
USA-002465,CUST-0204,2023-10-10,3.9937362608501554,2.4638669356758838
USA-000788,CUST-0064,2024-03-17,6.019305870546898,5.363868159925906
USA-001845,CUST-0154,2023-06-26,7.5686203053072845,6.308220369906812
USA-002539,CUST-0210,2024-01-26,-13.157630658675846,2.6768703530264175
USA-000068,CUST-0006,2024-03-03,7.624872280059682,5.297444706270353
USA-002441,CUST-0202,2023-12-13,7.927376195518971,5.075211850325407
USA-003685,CUST-0304,2024-02-12,8.329061181083341,4.461527294111495
USA-000615,CUST-0050,2023-09-16,9.604443766033365,5.195662999596652
USA-000695,CUST-0056,2023-06-14,11.948587334508062,7.200613713904469
USA-000359,CUST-0029,2023-12-24,7.469962276225177,5.846987563936466
USA-000576,CUST-0046,2024-01-23,6.57239752371911,5.605803872585369
USA-002341,CUST-0194,2023-07-04,0.0,2.8884834057942297
USA-001689,CUST-0144,2024-06-09,6.047426677138374,4.998356812717319
USA-000795,CUST-0064,2023-09-18,3.5480538551199716,5.487672681465493
USA-003982,CUST-0328,2024-05-05,2.9742107054457754,4.022348070052976
USA-001635,CUST-0141,2024-03-10,4.3975521736487355,3.8955253501885494
USA-004244,CUST-0350,2023-09-03,4.026974082334808,5.304598430616096
USA-002407,CUST-0199,2023-12-17,6.9961447406496,5.5880077079899895
USA-002887,CUST-0240,2023-08-28,4.9603663080075755,4.731152772011735
USA-001081,CUST-0092,2023-11-01,12.567160752999925,8.061354317551933
USA-004615,CUST-0385,2024-01-15,8.997747725213383,6.493840537852026
USA-002481,CUST-0205,2024-03-29,7.361679668559567,5.532522197186569
USA-001918,CUST-0160,2023-10-12,3.647431086110336,4.4282932696112765
USA-003458,CUST-0285,2023-11-22,7.115228038315138,6.714568864995039
USA-000013,CUST-0001,2024-03-27,7.182249738517578,5.534169385035511
USA-000019,CUST-0002,2024-06-02,4.155272905851218,5.106679777988792
USA-001724,CUST-0146,2024-04-19,10.16302520014407,6.131744997236815
USA-000675,CUST-0055,2024-01-08,4.598304662603521,5.078378832350612
USA-000211,CUST-0018,2024-04-10,5.9350888862133235,5.699964554628012
USA-000144,CUST-0013,2023-11-18,4.1308042181538385,5.659862352929931
USA-004234,CUST-0349,2023-11-01,2.178522427393191,4.199615972216585
USA-001663,CUST-0142,2024-04-21,5.779842570279365,5.871293688536346
USA-000591,CUST-0047,2023-11-08,6.5272282564810205,4.699236344011906
USA-001583,CUST-0136,2023-12-04,3.184182722925361,4.425800010897728
USA-002181,CUST-0182,2023-12-31,0.6958712749399054,3.382203948561486
USA-000480,CUST-0039,2023-12-04,10.430662037329007,5.27628425635508
USA-003725,CUST-0308,2023-07-05,5.248713715106276,5.987494626561314
USA-002762,CUST-0228,2024-02-04,2.4457154542571082,4.582420053585825
USA-000965,CUST-0082,2024-03-15,5.66814089477163,3.9882868673402347
USA-003482,CUST-0287,2023-08-20,4.198741587719431,5.63299041301908
USA-004155,CUST-0343,2023-06-06,5.706021690019885,5.056454998455953
USA-000744,CUST-0060,2024-03-13,7.170099531141235,6.964143692244479
USA-001667,CUST-0143,2023-11-19,10.10551897494203,7.5260962734020245
USA-001358,CUST-0115,2024-03-25,9.680907419427298,6.2791163410949435
USA-000354,CUST-0029,2024-04-15,2.742803520161348,5.912210319418439
USA-002493,CUST-0206,2024-06-12,2.4558777177984306,3.0748228698820457
USA-002906,CUST-0241,2023-08-01,6.719374783822538,5.107390052392907
USA-001412,CUST-0120,2024-06-04,4.442938740031936,6.88297281126493
USA-001631,CUST-0140,2024-01-30,3.9817462962738417,3.883964135454736
USA-003741,CUST-0310,2024-03-21,7.675985646891515,6.337613508535737
USA-004687,CUST-0390,2023-09-04,10.974046931945947,6.141563237563485
USA-003099,CUST-0257,2023-12-18,6.9233191230157765,6.8302334692933035
USA-004162,CUST-0343,2023-11-07,7.289989431935048,5.063681695863868
USA-000738,CUST-0059,2024-06-09,9.697421597591253,7.8014841583164625
USA-001220,CUST-0104,2023-06-21,5.515717839954106,4.82182337202731
USA-000625,CUST-0050,2023-09-01,7.29864306993348,9.220836088105745
USA-003731,CUST-0309,2023-08-28,7.489343076253981,6.94306955844928
USA-001656,CUST-0142,2024-04-25,7.48546773090862,6.701792226881145
USA-004535,CUST-0379,2024-05-23,0.0,0.7044030719528426
USA-002081,CUST-0174,2023-08-07,5.529562342553085,4.182306612924822
USA-002853,CUST-0237,2023-06-25,10.746009214776091,8.861384695777794
USA-004083,CUST-0338,2023-07-27,6.014419288564267,5.545191006857101
USA-003992,CUST-0329,2024-03-24,5.58175749521238,4.143394861198411
USA-001966,CUST-0165,2024-04-22,8.151490106395045,8.424311821106848
USA-000552,CUST-0045,2024-05-07,5.4466370758293365,5.244207539256135
USA-001844,CUST-0154,2023-06-13,7.05964983609965,6.7832278893340625
USA-002531,CUST-0209,2023-06-15,0.0,3.335354980365573
USA-003425,CUST-0283,2023-07-03,7.523214316909117,3.9284169134686433
USA-003085,CUST-0256,2023-08-03,5.387901813141784,3.7460207048913183
USA-001478,CUST-0127,2024-03-10,3.982302352416562,2.735618992358231
USA-003582,CUST-0295,2024-04-30,2.4958480773374125,5.216400208670709
USA-002843,CUST-0236,2024-02-21,3.130926471064008,5.222735901984191
USA-003252,CUST-0268,2023-06-06,8.962419648264925,6.367360697110403
USA-003010,CUST-0250,2023-09-09,4.520871696649453,4.386881544316282
USA-004084,CUST-0338,2023-11-30,7.114758919066295,5.8783112569830545
USA-000110,CUST-0010,2023-12-26,2.706310887783788,4.854531383575742
USA-004405,CUST-0364,2023-10-25,8.383517532990709,7.483474535114981
USA-002169,CUST-0181,2023-08-03,6.603666478605291,5.512549057675177
USA-002883,CUST-0240,2024-05-28,6.35573933931343,5.24045854154034
USA-003175,CUST-0263,2023-06-08,1.138394024007289,2.748894555698918
USA-001794,CUST-0151,2024-01-18,4.899592791635714,4.748812082174348
USA-004648,CUST-0387,2023-09-23,5.80557572278323,4.051246186573879
USA-001452,CUST-0125,2023-08-31,7.194858011098821,6.265844662521783
USA-004064,CUST-0336,2023-11-28,3.335025112941373,4.593698635726375
USA-000993,CUST-0085,2024-03-17,3.276389849211602,3.762645692786359
USA-002640,CUST-0219,2023-06-27,3.666433959984082,6.058970145388201
USA-002550,CUST-0210,2024-04-19,0.8947241534683492,1.464035927212187
USA-003459,CUST-0285,2024-04-04,7.623424842930308,6.190719093707491
USA-001707,CUST-0145,2024-05-07,4.298847082143702,4.978711864458397
USA-000763,CUST-0062,2023-11-11,4.705260024672949,4.587437506403556
USA-003851,CUST-0318,2023-08-03,4.678104002692231,3.6369983979235427
USA-001540,CUST-0133,2023-12-02,10.425065834822487,9.466872635838676
USA-000790,CUST-0064,2023-09-25,2.4212503299237773,2.7856842715366916
USA-000846,CUST-0070,2023-12-27,6.069413038010929,6.31901590514701
USA-003590,CUST-0296,2023-06-30,3.1794280669128927,5.776196325627417
USA-002006,CUST-0168,2023-08-22,4.337368505891828,5.28931604812553
USA-003088,CUST-0256,2023-11-11,3.1459057646339517,3.608314233792338
USA-001262,CUST-0107,2024-02-17,8.86948670232263,7.487346992874176
USA-001945,CUST-0163,2023-08-14,14.481276339135217,7.8740601645865596
USA-001481,CUST-0128,2023-11-28,10.22250343276541,5.871892882379893
USA-003375,CUST-0278,2024-01-06,7.6969032451442105,5.353073463310687
USA-004698,CUST-0391,2023-12-03,7.260731039966182,5.553515038262755
USA-003056,CUST-0253,2024-03-04,7.054328595220948,5.21187056738724
USA-000364,CUST-0030,2024-06-01,9.06670785919684,6.581008893477904
USA-004422,CUST-0365,2023-11-10,0.09065505200904322,3.961005901503758
USA-000167,CUST-0015,2024-03-10,0.0,0.9456858050480295
USA-003129,CUST-0259,2024-05-15,7.004615717077939,5.633661612228552
USA-002542,CUST-0210,2024-05-09,-10.692935072276008,2.5565720769151716
USA-003949,CUST-0325,2023-09-21,3.8230566920893523,3.7040196312596763
USA-001802,CUST-0152,2023-12-03,5.13628127954161,5.2331073661839485
USA-002326,CUST-0193,2024-02-15,9.233701755743216,7.237836203706477
USA-003234,CUST-0267,2023-11-18,1.4763826764490675,2.159988759846346
USA-001217,CUST-0104,2023-06-28,5.3867736357831255,5.410685929001505
USA-001947,CUST-0163,2023-12-25,10.777826458086084,7.710869124748779
USA-003230,CUST-0267,2024-06-24,1.3737942232209213,3.6989420288968193
USA-003299,CUST-0271,2023-07-24,6.363392432636797,4.743973364436238
USA-001162,CUST-0099,2024-02-11,0.2383386165637753,2.686344115719532
USA-002982,CUST-0248,2024-04-09,2.5644232640284734,4.8876901373716946
USA-002397,CUST-0198,2023-08-20,7.1235384236187445,7.1218706099645965
USA-001329,CUST-0112,2023-10-01,5.112671580744943,2.3688167187354385
USA-002157,CUST-0180,2024-02-05,9.282412030073576,5.759605967199123
USA-002571,CUST-0212,2023-10-06,4.561078089880824,5.089650127075524
USA-004241,CUST-0349,2024-06-17,5.033618301120891,3.9088914835661135
USA-003121,CUST-0259,2023-12-22,8.682026158592809,6.793857307280836
USA-000780,CUST-0063,2023-07-16,7.2852846186876175,6.7246327132308625
USA-001523,CUST-0132,2024-05-26,4.113107958155739,3.206557797980153
USA-002871,CUST-0238,2023-10-22,2.529589904160375,2.6337251748024135
USA-003927,CUST-0323,2024-06-19,2.363878869843713,0.9001095806577073
USA-000283,CUST-0023,2024-02-29,2.817301652145023,2.5300289427994898
USA-001393,CUST-0118,2024-02-27,8.018666301203975,5.303473931925523
USA-003222,CUST-0266,2024-01-09,10.969002498554804,6.380453237137543
USA-001693,CUST-0144,2023-12-14,6.244326639137295,6.680236028034696
USA-004016,CUST-0331,2023-10-18,10.354301156319712,5.440183177178898
USA-004584,CUST-0383,2023-10-29,10.781353049026306,5.820512440388637
USA-003897,CUST-0321,2024-04-09,10.274735137221649,7.0822579517799324
USA-002803,CUST-0232,2023-09-02,8.988856297037596,5.761495889907906
USA-004202,CUST-0347,2023-07-26,-8.277888608281513,6.707615839753419
USA-002480,CUST-0205,2023-07-22,5.114006751618474,5.549259007976032
USA-004375,CUST-0362,2023-09-17,2.7929828607796416,6.244819624105444
USA-000978,CUST-0083,2024-01-31,0.7150989175283546,2.058348838651285
USA-003912,CUST-0322,2023-12-23,10.251562672059649,6.345871836742701
USA-003260,CUST-0268,2023-10-13,11.004132627107676,4.0186591952554505
USA-000859,CUST-0071,2024-04-25,9.445761628564838,5.744268216154802
USA-000176,CUST-0016,2023-10-22,8.774063068127333,5.778761346172136
USA-001477,CUST-0127,2023-12-29,5.034215734356591,3.4894855887841265
USA-002339,CUST-0194,2024-02-15,2.5885183757995205,4.072522985558337
USA-000758,CUST-0061,2024-02-22,6.534643312833282,3.4008982751608396
USA-001339,CUST-0113,2024-01-20,8.867889020268567,4.314590474290776
USA-003481,CUST-0287,2023-10-21,4.506497918678069,6.118695767702486
USA-004274,CUST-0352,2024-05-30,5.953418896036887,6.234274123216507
USA-004281,CUST-0352,2024-01-03,6.514587347509022,6.469649348117693
USA-001850,CUST-0155,2024-03-24,6.724073113559513,5.5633681692910475
USA-001775,CUST-0150,2023-09-02,1.4028329082680724,3.8946724408022586
USA-000502,CUST-0041,2024-02-03,5.009412843071415,4.768405129816348
USA-001109,CUST-0095,2024-02-02,5.950211629530402,3.4534971297791857
USA-002983,CUST-0248,2023-10-21,4.6102800405235165,4.17701719134194
USA-001888,CUST-0158,2023-08-05,6.500590424157374,5.867467985018245
USA-001539,CUST-0133,2024-03-20,7.377320548405068,6.679973994059497
USA-004213,CUST-0347,2023-11-05,7.6836058210968945,4.968384658808839
USA-003827,CUST-0316,2023-10-28,7.5602108734870495,5.322412417929789
USA-001909,CUST-0160,2024-03-12,6.078733062605145,4.461204581694041
USA-002499,CUST-0207,2024-01-29,9.235728373317581,8.486334306439604
USA-004186,CUST-0345,2023-10-30,8.471505494649177,4.345785024287697
USA-003526,CUST-0291,2024-03-04,8.354595658858436,4.854860462240409
USA-001278,CUST-0108,2024-01-02,4.729206405794047,4.657333290930567
USA-002222,CUST-0185,2024-06-12,4.63133623884587,5.499430534455225
USA-000006,CUST-0001,2024-06-01,6.231542089216467,5.641438573284353
USA-000281,CUST-0023,2023-06-10,1.6922553560073963,3.916678471316964
USA-004450,CUST-0369,2023-06-02,8.807480486180275,6.434961935523832
USA-004434,CUST-0367,2023-09-18,6.823568218000945,3.809621181493351
USA-003081,CUST-0255,2024-05-27,4.808651891239771,3.6545006562066416
USA-001310,CUST-0111,2024-04-15,10.403984262219613,5.745768544510705
USA-001407,CUST-0119,2023-10-15,8.700145830814996,7.933674417562457
USA-000039,CUST-0004,2024-01-10,8.453513447192472,5.5328349806090475
USA-002927,CUST-0243,2023-12-26,4.01578082011139,3.501546660718858
USA-004086,CUST-0338,2023-09-29,6.77987560132599,6.9739994767314375
USA-004376,CUST-0362,2023-11-23,7.00243100322257,3.620081647969921
USA-000133,CUST-0012,2024-01-27,4.787217020039694,4.693271930542846
USA-003226,CUST-0267,2024-04-26,1.287646023390154,1.3090190213160025
USA-001941,CUST-0163,2024-03-12,15.201118581603662,7.959032580903116
USA-003451,CUST-0285,2023-06-14,9.418446989072331,5.247009918561573
USA-002467,CUST-0204,2024-03-11,1.2223969896884257,1.9876233604564046
USA-001890,CUST-0158,2023-06-16,5.4660241566320416,6.022320127048712
USA-001078,CUST-0092,2024-05-26,10.804186344440524,8.847414829924228
USA-000165,CUST-0015,2024-01-31,0.828702050420886,3.869750241358598
USA-000264,CUST-0022,2023-11-26,6.824997883678273,4.312049844329245
USA-002852,CUST-0237,2023-09-19,11.298458684455415,8.332311223280193
USA-003906,CUST-0322,2024-06-04,9.036812638505214,4.7089009908295765
USA-004379,CUST-0362,2023-09-10,6.577061682482121,3.251262948280292
USA-000477,CUST-0039,2023-06-23,11.610185456987972,8.16789111088805
USA-003549,CUST-0293,2024-04-27,5.492088997714439,5.681014592233358
USA-003595,CUST-0297,2024-06-23,8.807910930481528,6.697246736261585
USA-003736,CUST-0309,2023-07-14,9.146531056018116,5.831413018797678
USA-000541,CUST-0044,2024-01-03,6.283575977228665,5.168210326615562
USA-001147,CUST-0098,2023-06-27,7.879502309041252,6.74852267055831
USA-003297,CUST-0271,2023-06-23,4.586103084748336,6.709678222945311
USA-000431,CUST-0035,2024-02-01,7.25113154686211,5.842131913326167
USA-001446,CUST-0124,2023-07-22,8.811864204619276,7.192539584584802
USA-004473,CUST-0371,2024-06-17,3.0506871999374168,5.668202470982042
USA-003216,CUST-0265,2024-04-27,7.000608785177046,5.48190440063874
USA-004292,CUST-0354,2023-11-19,10.667170165683174,7.2473973232537094
USA-003456,CUST-0285,2024-01-23,9.071348417647357,5.833848167591491
USA-001436,CUST-0123,2023-08-26,8.055988311335817,5.285895855624774
USA-004039,CUST-0333,2023-07-14,1.5262319069465038,5.238187136064264
USA-000494,CUST-0040,2023-09-24,4.663151592034491,2.8180956368515915
USA-000952,CUST-0081,2024-05-11,3.178563713073564,5.760149670591053
USA-001282,CUST-0109,2023-07-21,5.462659937012576,3.687322746566207
USA-003113,CUST-0258,2023-07-08,8.06059112237609,4.8358137541666615
USA-001438,CUST-0123,2024-02-14,7.588242646266104,5.856805434015239
USA-002225,CUST-0185,2024-03-12,6.587745410106715,6.261090194925996
USA-002798,CUST-0232,2024-06-17,8.93902692675691,5.923336513392168
USA-004199,CUST-0346,2023-10-27,5.091702061868104,5.746847166586395
USA-002815,CUST-0233,2024-05-15,10.830736694068348,6.592792606469182
USA-004483,CUST-0373,2023-08-14,2.785913467696294,3.125410071450319
USA-001201,CUST-0103,2023-10-03,10.325166905961053,6.33195710790711
USA-003670,CUST-0302,2024-04-18,1.2981467671308757,4.873782685857476
USA-002697,CUST-0223,2023-08-13,4.355016626311301,2.4785098178595812
USA-002526,CUST-0209,2024-05-22,0.9610632976371034,3.5929166007552196
USA-002283,CUST-0190,2024-01-18,7.033508726297885,5.0099883641118375
USA-003443,CUST-0284,2023-06-19,3.2974048507703944,4.21109415463054
USA-001767,CUST-0150,2024-06-19,1.7896535406505765,2.4727543023451286
USA-001037,CUST-0089,2024-05-31,9.454233256858808,6.146953923914602
USA-003077,CUST-0255,2023-09-08,4.781042546205981,6.002967896961268
USA-004402,CUST-0364,2023-11-27,9.457521311247005,5.332959845264565
USA-000650,CUST-0052,2023-12-11,5.9379815539871315,6.300394089186148
USA-003309,CUST-0272,2023-09-03,5.3050265295734125,5.21924808308333
USA-004043,CUST-0334,2024-01-10,7.806917616301199,3.879631767324397
USA-000519,CUST-0042,2024-04-02,3.0000476014060364,2.3291806219556004
USA-002564,CUST-0212,2024-04-01,4.950747069985951,5.072963820205384
USA-001279,CUST-0109,2024-05-31,5.536856457245499,5.768897385008078
USA-002193,CUST-0183,2023-11-21,3.1289087329884504,4.424088019340752
USA-000561,CUST-0045,2024-02-16,3.1627854220115332,4.068686037849186
USA-000022,CUST-0002,2023-11-08,6.096152716515144,5.004993392833801
USA-001414,CUST-0120,2024-06-08,9.090262036411342,4.964096931448664
USA-004604,CUST-0384,2023-08-10,2.31864515666296,2.3189718787346014
USA-000976,CUST-0083,2024-04-26,3.5746713901321474,3.16068404938087
USA-001916,CUST-0160,2023-08-27,0.8587596973908278,5.508554181442236
USA-004601,CUST-0384,2024-03-01,0.0,3.2964767158571497
USA-001797,CUST-0152,2023-07-14,8.520468707841339,6.232775300226891
USA-004145,CUST-0342,2023-11-29,8.946009370978784,4.14018547017912
USA-003019,CUST-0251,2023-07-13,8.082644064441123,6.8723459940077465
USA-000938,CUST-0079,2024-02-14,3.2899382858984656,4.429557200095563
USA-004207,CUST-0347,2024-03-05,5.179662185235141,4.906864943584379
USA-004666,CUST-0388,2023-06-22,4.785059525186971,4.805392793629105
USA-002605,CUST-0215,2023-08-24,5.913814425260211,6.9308471733746
USA-002857,CUST-0237,2023-12-17,8.517183640097144,7.086679619064677
USA-000385,CUST-0031,2023-09-24,8.35782525831443,3.628957038558054
USA-003401,CUST-0281,2024-03-18,3.7821094826808244,5.684228463978986
USA-001039,CUST-0089,2024-04-20,4.624210644414909,6.468562208880862
USA-003434,CUST-0284,2023-06-22,2.5094704978528197,4.772583676656756
USA-002519,CUST-0208,2024-02-27,6.628982869219577,3.8756346041334453
USA-001484,CUST-0128,2023-12-21,9.23063769715527,5.060146766497177
USA-002757,CUST-0228,2024-04-27,0.5093320589259425,5.668484645094928
USA-002294,CUST-0190,2023-12-27,7.557124585888397,7.664954118390029
USA-003194,CUST-0264,2024-06-22,8.490638548145155,5.414007835159681
USA-001233,CUST-0105,2023-09-05,9.112239652489002,7.084344935058144
USA-001719,CUST-0146,2024-03-25,6.196735077169018,4.4408509817419874
USA-002860,CUST-0237,2024-01-18,24.050265223272163,6.068728684391171
USA-002214,CUST-0185,2024-04-21,5.529169134700052,5.644849101797049
USA-003485,CUST-0287,2023-08-11,5.14019035921968,5.174374404499465
USA-004513,CUST-0376,2024-06-08,6.261801392330207,4.830421005044305
USA-004369,CUST-0361,2023-10-29,5.585264120123183,4.777392501582051
USA-003744,CUST-0310,2023-06-22,10.339904461134163,8.658972667659029
USA-003242,CUST-0267,2024-05-08,4.284939437271774,3.9909849754853726
USA-004391,CUST-0363,2024-05-21,5.437519327102169,6.069578031125549
USA-000503,CUST-0041,2024-02-26,4.768345831876775,5.195177611086752
USA-003228,CUST-0267,2024-03-26,1.7164718635707044,3.9381099152216303
USA-003111,CUST-0258,2024-04-20,7.341984264725098,3.7445475232835954
USA-000587,CUST-0047,2024-06-07,5.509185829680984,3.482609605144851
USA-003583,CUST-0295,2024-05-08,2.4607893895217643,4.709410579304232
USA-003062,CUST-0254,2023-08-02,3.918946727509196,3.163011194362905
USA-004082,CUST-0338,2024-04-30,8.401398372868073,6.731404575780045
USA-003042,CUST-0252,2024-04-15,7.832018546532466,5.005276996713951
USA-000347,CUST-0029,2024-01-15,5.7123365068237755,3.730290552804541
USA-000530,CUST-0043,2023-07-05,7.073230569363419,4.00140685289368
USA-000781,CUST-0063,2023-10-19,7.100932723684507,6.324572472081967
USA-001416,CUST-0120,2023-10-10,9.648238457735365,6.50021534715131
USA-004115,CUST-0340,2023-08-31,8.841759657474238,5.145711037992759
USA-004128,CUST-0341,2023-07-22,8.257660547127719,7.474750800353974
USA-003659,CUST-0302,2024-01-17,3.5810978588263938,3.7774681930684952
USA-002940,CUST-0244,2023-06-17,5.757749586834421,4.754287254868114
USA-002315,CUST-0192,2023-11-24,7.545343489294417,4.667523664765569
USA-002197,CUST-0183,2024-03-19,4.079105794972772,4.4771031206249585
USA-003387,CUST-0279,2024-01-19,7.397055615465436,6.335645637522043
USA-001489,CUST-0129,2024-02-09,2.934087921660192,4.061261519560239
USA-003288,CUST-0270,2024-02-29,3.9330093282661824,5.646537809832728
USA-002265,CUST-0189,2023-07-21,6.347167044184422,4.046893821691958
USA-004705,CUST-0392,2024-01-01,3.8484149262073206,2.901823524727626
USA-000995,CUST-0085,2023-12-27,2.9602809009464313,6.670330693084557
USA-003602,CUST-0298,2023-12-04,0.42708785055898696,2.1362156449983782
USA-002897,CUST-0241,2023-06-28,4.865714024207586,7.671176913333911
USA-000308,CUST-0025,2024-01-14,6.1751448329795045,4.226997108401324
USA-003743,CUST-0310,2024-06-05,7.252395242593186,4.5165400645201705
USA-004034,CUST-0333,2024-02-29,2.7717186915141157,2.4548832049563463
USA-001699,CUST-0145,2024-03-02,4.66969296361358,6.832344115607137
USA-001063,CUST-0091,2024-05-20,10.002598308640426,6.540504175350206
USA-001536,CUST-0132,2023-06-14,1.9588049329413018,4.893621187628848
USA-002013,CUST-0170,2024-02-28,9.659011573160946,6.838807681051551
USA-004325,CUST-0357,2023-09-19,8.820663435818048,5.705799205160701
USA-002470,CUST-0204,2024-02-03,0.6901670511757658,3.1110250015486507
USA-001321,CUST-0112,2024-06-13,4.898738273272751,2.2891507163201537
USA-002316,CUST-0192,2024-02-18,7.516775270433088,5.439489306655758
USA-000439,CUST-0036,2024-04-09,8.940751848730075,6.430997907890372
USA-001216,CUST-0104,2023-11-06,-2.9173117035075036,3.9104302854142974
USA-001921,CUST-0161,2024-04-27,11.469634119308083,5.388621721502179
USA-002833,CUST-0235,2024-06-22,4.451508632468572,5.447024262740599
USA-003964,CUST-0327,2023-09-05,1.0955283468675894,2.0441494205440263
USA-002721,CUST-0225,2024-04-10,4.896646294618375,4.232483640422072
USA-001145,CUST-0098,2023-08-14,11.636423507414388,5.777858529791368
USA-001620,CUST-0139,2024-03-29,7.007970925163878,3.0885495011890725
USA-003958,CUST-0326,2023-07-06,2.4259533347956106,3.298481414095998
USA-000407,CUST-0033,2023-10-05,6.692788024742141,6.100625541707153
USA-001735,CUST-0147,2023-10-31,6.826909664498263,5.76779969742385
USA-003473,CUST-0286,2024-02-03,5.5963526480785575,5.003286532010598
USA-001942,CUST-0163,2024-05-24,13.736808360601158,8.533334991259732
USA-003652,CUST-0301,2024-06-20,10.37775971902381,4.199859378623632
USA-004102,CUST-0339,2023-10-23,8.68424298660971,6.398070118538526
USA-002376,CUST-0196,2023-09-15,8.31871466586551,6.334417390010052
USA-002131,CUST-0178,2024-05-31,12.431600245185784,8.167720142464152
USA-004251,CUST-0350,2023-09-07,4.993233795662613,5.066781771867317
USA-004703,CUST-0392,2023-08-13,6.962233657399761,5.310007749581292
USA-004308,CUST-0355,2024-04-02,2.9666543670711154,5.9975970663783436
USA-002784,CUST-0230,2024-05-31,10.921241727076435,7.0875699019665985
USA-001267,CUST-0108,2023-07-02,3.283523948420016,4.744004730005519
USA-003469,CUST-0286,2024-06-02,6.527100024051234,4.741517733395821
USA-003017,CUST-0251,2023-10-10,6.759661896809174,4.572503008757781
USA-003006,CUST-0250,2024-01-23,3.3228169808004524,3.3748507622355213
USA-003960,CUST-0327,2023-10-30,2.860887717847353,2.8167281334987457
USA-004044,CUST-0334,2024-02-05,6.279786317151527,7.215606987492821
USA-004061,CUST-0335,2023-07-31,5.756915611605302,4.732580979603104
USA-003630,CUST-0300,2024-03-03,4.241233968545256,3.825218376448646
USA-002925,CUST-0243,2024-02-04,4.58167169883443,5.166213416144823
USA-002172,CUST-0181,2023-07-19,9.59229723800244,5.977803648001739
USA-001821,CUST-0153,2023-06-20,6.793205261908259,7.204405683131384
USA-001475,CUST-0127,2024-03-07,6.3106589678763605,4.261594065147733
USA-004421,CUST-0365,2023-10-01,5.340638812176434,5.778835124464747
USA-000555,CUST-0045,2024-06-22,6.087160390383852,4.824642644943481
USA-003547,CUST-0293,2024-04-22,8.501537526731486,3.631530686217477
USA-004134,CUST-0341,2024-01-21,6.174455030654169,4.172241138062816
USA-004058,CUST-0335,2024-05-25,3.9673183676022865,4.169807916523891
USA-004263,CUST-0351,2024-05-07,7.401882724455627,6.611033214443159
USA-003197,CUST-0264,2023-11-30,5.826526439427022,7.642377632156547
USA-004408,CUST-0365,2023-12-07,3.9484140053344285,4.265448215861559
USA-002552,CUST-0211,2023-09-08,7.516288380303559,4.1514798284188945
USA-000051,CUST-0005,2024-05-13,5.662438831889903,3.5502647347739273
USA-000584,CUST-0047,2023-06-19,3.5345838000102745,5.533445687974704
USA-004206,CUST-0347,2023-09-14,9.02555123055636,7.356450657558825
USA-000024,CUST-0002,2023-09-19,-2.513709210347818,5.118205471856481
USA-000994,CUST-0085,2024-03-12,5.249915639433463,3.92810371086763
USA-003373,CUST-0278,2023-09-29,8.272380529837212,4.783481837118671
USA-000840,CUST-0069,2024-03-04,26.290203919269196,7.056244214398101
USA-003135,CUST-0260,2023-08-03,10.032875685312721,6.72457699386675
USA-004349,CUST-0359,2023-12-20,4.7421105025060255,5.027351751467022
USA-002903,CUST-0241,2023-12-22,8.738067113678042,7.861162782863393
USA-001875,CUST-0157,2024-05-03,3.0141346334136645,6.237646246305546
USA-004411,CUST-0365,2023-09-24,6.258015142388759,3.1086799952201067
USA-003649,CUST-0301,2023-10-05,7.203270921646774,5.309276147588889
USA-002134,CUST-0178,2023-12-12,10.412913302417568,7.435361319880261
USA-003096,CUST-0256,2023-12-25,3.7096501911114426,2.9701101098992764
USA-003650,CUST-0301,2024-03-16,10.070906276293133,6.958629490567393
USA-000974,CUST-0083,2023-10-21,2.740379493116926,3.760449282029039
USA-000542,CUST-0044,2023-11-30,8.805790420607646,4.562503768809098
USA-003391,CUST-0280,2024-04-09,7.284068094878885,3.440788819065899
USA-003690,CUST-0304,2023-10-28,3.1403227589343947,5.909150591747114
USA-002054,CUST-0172,2023-11-06,7.564476528673603,5.803817352255472
USA-003280,CUST-0270,2024-03-07,7.831458861668169,4.463392076243739
USA-004342,CUST-0359,2024-05-18,6.019445666912778,4.060918133635024
USA-002546,CUST-0210,2024-06-30,3.8291307750560963,2.508348416261902
USA-000495,CUST-0040,2024-01-29,2.6553666341745568,4.287979533402122
USA-001818,CUST-0153,2023-07-08,8.7279156353278,6.759530173846878
USA-001695,CUST-0145,2023-12-25,7.493768652782698,5.820320514755715
USA-001733,CUST-0147,2023-12-28,7.824515920833047,6.419925173791862
USA-002997,CUST-0249,2023-12-06,2.45456822731272,4.628659016769448
USA-000573,CUST-0046,2024-01-25,4.04275946135753,4.6371407024977795
USA-004441,CUST-0368,2023-10-23,7.031526078661489,5.0683896877060235
USA-000906,CUST-0076,2023-07-24,6.553876544916507,4.195435200676414
USA-001459,CUST-0125,2023-06-03,7.565325579415769,4.385674352453604
USA-002834,CUST-0235,2024-04-23,3.576761373014977,4.218314769514723
USA-002553,CUST-0211,2023-12-31,5.317268320149455,5.343553826465744
USA-000990,CUST-0084,2023-10-02,9.621841588555753,5.918153822880193
USA-003344,CUST-0276,2023-10-12,6.795314806751344,5.357626754588227
USA-000443,CUST-0036,2024-03-30,5.748871283247192,5.0667508522823335
USA-002156,CUST-0180,2024-04-29,7.869522536598224,6.325588006106848
USA-000997,CUST-0085,2023-09-09,5.3559179681124265,5.271548921176519
USA-002269,CUST-0189,2024-04-25,2.588204573079464,2.99996869306316
USA-002124,CUST-0177,2023-08-24,7.379107204599117,5.93118978821799
USA-001055,CUST-0091,2023-07-21,8.404303463395825,7.050988801951841
USA-004469,CUST-0370,2023-12-23,2.9389818864381025,4.791295110655312
USA-002671,CUST-0221,2023-06-19,8.337668571119154,6.317401679259441
USA-001734,CUST-0147,2024-02-18,9.90262034305268,5.175081490114543
USA-000260,CUST-0021,2023-11-10,8.506871290648965,5.516796970266364
USA-001491,CUST-0129,2024-06-30,4.7532671601449215,3.700941735187774
USA-000588,CUST-0047,2023-11-22,3.586751429035793,3.151609739567923
USA-000044,CUST-0005,2023-11-12,4.301412014612895,4.742801303914022
USA-000659,CUST-0052,2023-07-24,4.471167621949756,6.428798422212517
USA-003166,CUST-0262,2023-06-09,3.6878933422396916,5.902786400809674
USA-003483,CUST-0287,2023-10-10,7.736283596098127,6.409970629904053
USA-003067,CUST-0254,2024-02-05,2.7790376620396398,3.485618821983027
USA-000368,CUST-0030,2023-09-19,6.510696956154922,5.019149983917324
USA-000361,CUST-0029,2023-10-14,4.1803002138630045,5.754920930667962
USA-000015,CUST-0002,2024-03-10,5.337220402417811,4.3964940985105905
USA-001347,CUST-0114,2023-08-07,3.823063226489439,4.939360680565585
USA-002977,CUST-0248,2024-04-23,3.6501470614894593,2.9737367911589496
USA-001606,CUST-0139,2023-11-24,6.971875629580816,6.896454616642439
USA-003586,CUST-0296,2023-12-17,6.400867297373376,4.141282189527159
USA-000532,CUST-0043,2023-12-25,6.4739860436639525,6.859258047940084
USA-004307,CUST-0355,2023-12-08,6.372066805105341,2.5129689626672818
USA-002266,CUST-0189,2023-12-23,5.314980567333361,3.2692016204430008
USA-001023,CUST-0088,2023-11-13,1.5914211605544364,2.635114358384884
USA-003860,CUST-0318,2024-04-15,4.338120054757895,5.545863694954193
USA-003951,CUST-0326,2024-03-02,14.656962421832997,2.30348332662659
USA-001149,CUST-0098,2024-06-21,10.060001401147513,7.425627239728654
USA-003700,CUST-0305,2024-03-10,0.7315784687427165,2.591262706228791
USA-001377,CUST-0117,2023-10-16,1.5361870767881443,3.572905768964904
USA-001929,CUST-0162,2023-07-25,3.720733302643438,5.070556124953294
USA-000746,CUST-0060,2024-02-11,3.874391962206123,3.9105834969860283
USA-000570,CUST-0046,2023-10-18,7.21415084721307,5.8675070864025045
USA-000811,CUST-0065,2024-06-24,4.358274012559164,3.9035289086929623
USA-004351,CUST-0359,2024-05-20,6.9741527599828785,4.441146872540672
USA-001971,CUST-0166,2024-01-28,1.7456032284126697,4.081213986358885
USA-001487,CUST-0129,2023-08-29,2.011496801013,4.059075489622497
USA-002440,CUST-0202,2023-12-26,8.606576280579592,4.643960945413958
USA-000771,CUST-0063,2024-06-24,6.437030099721813,5.552479664257704
USA-000189,CUST-0016,2023-08-19,7.769771940466574,5.892517360370858
USA-001223,CUST-0105,2024-06-13,8.063533288689214,8.304385317363785
USA-001838,CUST-0154,2024-06-28,8.884288944300692,5.9758325037546465
USA-002314,CUST-0192,2023-06-07,6.118122920992946,4.093634937056211
USA-003889,CUST-0320,2023-09-07,5.215632391478359,3.424609261347188
USA-004192,CUST-0346,2023-06-23,6.548509468232323,4.607063432044878
USA-003944,CUST-0325,2024-02-23,3.1249402736877867,2.3771702245303015
USA-002251,CUST-0187,2024-03-01,10.642309378715618,8.180581388033936
USA-001676,CUST-0143,2024-03-11,9.515859166798464,4.32378468922186
USA-000849,CUST-0070,2023-06-14,5.130331868644998,6.590001527416607
USA-003597,CUST-0298,2023-06-15,1.4851753907879912,1.2300519351988748
USA-001697,CUST-0145,2023-07-06,8.72947722268476,5.629580787741283
USA-003432,CUST-0283,2023-10-19,10.118133541029595,5.372076330294561
USA-001895,CUST-0159,2023-08-18,5.281474092811634,5.508488618973594
USA-000360,CUST-0029,2024-04-07,9.287305800803416,3.9088903793266265
USA-003705,CUST-0305,2023-11-30,1.2815262444218636,3.533698215690629
USA-001094,CUST-0093,2024-04-11,3.668879102656196,2.8443164626875075
USA-002067,CUST-0173,2023-12-05,5.760531872968812,6.534929622438996
USA-001883,CUST-0157,2023-06-10,5.877286363709185,3.8653830946280157
USA-001795,CUST-0151,2024-02-14,8.968528282345495,4.89854154007442
USA-002745,CUST-0227,2024-05-24,4.044153076608913,2.5412433913481323
USA-000992,CUST-0085,2023-09-30,3.54933621859168,3.6887263157963464
USA-003771,CUST-0312,2023-11-18,11.871650176689236,5.321303530156178
USA-004557,CUST-0380,2023-10-04,6.672409210139729,4.715953096889461
USA-002472,CUST-0205,2024-06-30,5.948510766192576,4.357789733741209
USA-004198,CUST-0346,2023-06-19,3.955273241867074,4.093076958982702
USA-001943,CUST-0163,2023-07-15,14.176666016871357,7.441163081820877
USA-002788,CUST-0230,2024-04-16,12.077192860879018,6.21208837673674
USA-003477,CUST-0287,2024-03-07,8.230157737470574,4.5026573295738
USA-003567,CUST-0294,2024-04-09,6.496349084714776,7.181962819122251
USA-003941,CUST-0325,2023-07-29,1.6559027850107046,2.619895136017911
USA-001291,CUST-0110,2023-06-05,8.98868149113647,6.073254579003845
USA-004278,CUST-0352,2024-04-18,8.604344331581888,4.289892676256158
USA-000249,CUST-0021,2024-06-30,8.61587033874292,4.120194355791073
USA-003614,CUST-0299,2024-06-09,4.915271470927435,4.7912705443618915
USA-004622,CUST-0385,2024-01-06,11.04894995125367,6.588620726779843
USA-002995,CUST-0249,2023-06-25,2.8883935482914103,3.7707115519874312
USA-003527,CUST-0291,2024-01-19,7.964157925681923,4.337534064863272
USA-004397,CUST-0363,2023-06-20,10.497319357304901,5.805173241677213
USA-003678,CUST-0303,2023-09-27,6.4182773203693495,4.977442626550579
USA-001507,CUST-0131,2023-08-14,6.42339585414046,1.4583447415343325
USA-001174,CUST-0100,2023-08-19,7.452139454725302,4.701348234649528
USA-004635,CUST-0386,2024-05-19,4.996645910465112,5.692701040465312
USA-002823,CUST-0234,2023-06-24,4.460262093410674,2.7627672347125287
USA-001604,CUST-0138,2024-04-20,8.69845099423784,6.542863732246654
USA-001134,CUST-0097,2023-12-13,3.4702667704813193,3.442474043618944
USA-003642,CUST-0301,2023-09-26,11.266969109063448,8.166195186392617
USA-002284,CUST-0190,2024-05-28,7.964776497848638,5.583012818398875
USA-001709,CUST-0145,2024-04-05,6.487202163200292,4.4389116096021075
USA-002912,CUST-0242,2024-01-14,3.457348657665353,3.688580392851572
USA-000963,CUST-0082,2024-03-17,6.444276309954779,5.527797536954431
USA-004554,CUST-0380,2023-10-28,5.513783810517051,3.8466616377539244
USA-001919,CUST-0161,2023-10-20,10.393891354244866,6.3096598699895265
USA-000832,CUST-0068,2023-09-22,7.777632015862514,4.680400635647256
USA-000205,CUST-0017,2023-07-11,11.740561061059843,10.0
USA-002079,CUST-0174,2024-06-10,4.581937467570319,3.5210275728249005
USA-000620,CUST-0050,2024-02-22,9.330898829901448,6.237241614652469
USA-004614,CUST-0385,2024-03-13,7.408680546185063,5.116084462132669
USA-001323,CUST-0112,2024-03-07,6.650199259791153,3.6499545761776635
USA-002145,CUST-0179,2024-06-04,3.474655932201048,4.378486363660285
USA-003986,CUST-0328,2023-08-10,1.6764635575679576,3.0726699708356153
USA-000147,CUST-0014,2023-12-10,3.989941676108505,4.169509291629212
USA-003574,CUST-0294,2024-06-28,7.726874438356015,3.9480999415634743
USA-004551,CUST-0380,2023-06-15,6.3988445290032665,3.456902419035121
USA-004696,CUST-0391,2023-07-31,5.7940935662100275,5.617484246975559
USA-001193,CUST-0103,2023-11-14,8.630012916223018,8.157540961502663
USA-000848,CUST-0070,2023-09-01,6.495791246220739,7.470551806534488
USA-001357,CUST-0115,2024-04-13,8.239743662654416,7.486566022642308
USA-000334,CUST-0027,2023-09-28,9.047149463266546,6.761360662007751
USA-002122,CUST-0177,2023-07-13,5.691104633328352,4.9492843532455035
USA-000808,CUST-0065,2023-10-20,5.383560410175504,3.7630185258277526
USA-001814,CUST-0153,2023-10-22,9.63185039569931,4.801779535620939
USA-001568,CUST-0135,2023-11-05,4.050288401243237,4.13931811667664
USA-002324,CUST-0193,2024-05-12,8.113692312468677,5.936130499779316
USA-003999,CUST-0329,2023-12-30,7.143688846883585,5.377080448783503
USA-002692,CUST-0223,2023-09-16,0.5612065419435215,4.765366590129972
USA-000851,CUST-0070,2023-12-26,7.606806158954982,7.886531619190688
USA-001726,CUST-0147,2023-09-27,9.166378916511828,5.525396143172053
USA-000197,CUST-0017,2024-06-15,7.693120394203698,7.758273014023474
USA-001318,CUST-0112,2023-07-18,5.013576016560155,3.6098819505760593
USA-001743,CUST-0148,2023-10-30,4.798036810945101,3.9957787242693086
USA-003803,CUST-0314,2024-01-05,14.06144597733831,7.951861915708616
USA-001427,CUST-0121,2023-12-08,13.395149346196575,8.724538200675536
USA-000525,CUST-0043,2024-01-30,7.628710119402573,5.186594434490326
USA-003600,CUST-0298,2024-05-19,0.7630121603358933,2.750192875170539
USA-000639,CUST-0051,2023-07-29,0.0,1.1853057856344382
USA-000413,CUST-0034,2023-09-08,9.751919594332106,5.371045925527375
USA-004298,CUST-0354,2024-02-06,9.95048751377096,7.23152085228079
USA-000125,CUST-0012,2023-09-01,5.296769734359732,4.972497432668879
USA-000156,CUST-0014,2024-04-03,7.674809273496807,4.54844230136521
USA-003760,CUST-0311,2023-08-04,13.283309350749603,6.83564002754671
USA-002872,CUST-0238,2024-06-04,4.911602567989682,4.710819360209217
USA-003168,CUST-0262,2023-09-02,3.3283814478744653,2.937458968283764
USA-001419,CUST-0120,2024-03-12,9.142970687852339,7.948402504489601
USA-002791,CUST-0231,2023-12-28,8.972592854427782,6.731865697852189
USA-002488,CUST-0205,2023-06-18,6.528646068317966,5.569768906252816
USA-003850,CUST-0318,2023-08-04,6.967345571228378,4.5284725301084965
USA-003479,CUST-0287,2024-03-14,8.6304000792924,4.683567737294185
USA-000436,CUST-0036,2023-08-05,5.6864766819437325,5.322962054703677
USA-004029,CUST-0332,2024-05-11,5.841532528322686,4.353479589805658
USA-003445,CUST-0284,2024-04-03,0.8205432455950605,6.110400376927679
USA-003289,CUST-0270,2024-06-25,1.8895756258000755,5.470719029185586
USA-003143,CUST-0261,2023-07-26,11.253665048508797,6.967449944884191
USA-002259,CUST-0188,2024-05-08,11.471720457763567,7.661497341368438
USA-002770,CUST-0229,2024-04-24,10.306739957121488,9.735916066510908
USA-002662,CUST-0221,2024-02-10,6.984211830874799,3.8510011412440286
USA-003967,CUST-0327,2023-06-08,3.087528259715248,3.9683853960562807
USA-000945,CUST-0080,2024-03-27,0.8652073868918535,3.54614361913209
USA-003057,CUST-0253,2023-10-26,6.21279661945463,5.933654482218264
USA-001967,CUST-0165,2024-06-07,9.449194046658992,7.001603307301641
USA-002742,CUST-0227,2024-05-08,4.935101828125308,4.45790345441675
USA-002529,CUST-0209,2024-06-20,4.5630587834130525,2.9949967925611753
USA-002584,CUST-0213,2023-08-14,3.78137621974128,4.141574919605511
USA-000593,CUST-0047,2024-03-04,6.656735731589899,4.956908027222879
USA-004616,CUST-0385,2024-06-30,9.880384795577541,7.1109084354185175
USA-004466,CUST-0370,2023-11-23,4.510392373812934,3.1760343405069142
USA-002918,CUST-0242,2023-10-28,0.0,2.2299159279361693
USA-003340,CUST-0275,2023-09-08,8.923388817080655,4.372243844899763
USA-001072,CUST-0092,2024-04-01,10.440381383226132,8.446560671353257
USA-000145,CUST-0014,2024-04-20,3.3656404278525662,4.993522798619695
USA-004252,CUST-0350,2024-06-11,2.694252045069216,4.816749411828723
USA-002561,CUST-0211,2023-06-15,6.32476610884067,7.323175227352127
USA-003804,CUST-0314,2023-10-15,11.87080337830061,9.398439755234056
USA-004460,CUST-0369,2023-10-28,11.312671147617529,7.1809225236415815
USA-004014,CUST-0331,2023-07-16,9.582952055068525,5.407286211213044
USA-003431,CUST-0283,2024-02-03,8.866224816530343,6.864324303162651
USA-002190,CUST-0182,2024-03-03,5.038438096254393,2.97796630513016
USA-004203,CUST-0347,2024-05-04,6.314919375613966,4.810285864250203
USA-002069,CUST-0173,2023-09-12,5.535172100488258,2.558138158223424
USA-003075,CUST-0255,2023-09-22,2.33515924955328,5.642325718777483
USA-000008,CUST-0001,2024-06-19,5.240416062083338,4.769910462466358
USA-004012,CUST-0330,2024-06-28,4.087902162744758,5.814825222366027
USA-000935,CUST-0079,2023-09-15,6.46383524084443,5.230332022904361
USA-000246,CUST-0020,2023-11-03,4.064761073394127,5.843360839396304
USA-001439,CUST-0123,2023-07-13,5.250026607680278,5.077309740580938
USA-001099,CUST-0094,2023-11-10,8.655992457147905,4.105458414557872
USA-004403,CUST-0364,2024-04-22,9.277877451458066,6.139669053181562
USA-003014,CUST-0251,2024-02-01,7.919652542671459,5.780152990816681
USA-003318,CUST-0273,2024-06-14,0.8123482912615931,0.7629018055908521
USA-004605,CUST-0384,2024-06-26,0.6744761084589952,1.7468198985034267
USA-000833,CUST-0069,2023-07-19,8.717528985434729,7.410655106337855
USA-002960,CUST-0246,2023-12-22,3.2845714416987466,5.805390807993526
USA-001411,CUST-0120,2023-12-16,7.3062453949886965,5.911408976448984
USA-001118,CUST-0096,2023-09-25,7.55106502183226,5.841194395941091
USA-002036,CUST-0171,2023-09-22,7.791306689977309,5.054449376501365
USA-001445,CUST-0124,2024-03-03,9.73456520500001,6.184050463488948
USA-000300,CUST-0024,2023-09-12,0.9353926447234607,5.02268198367141
USA-001448,CUST-0124,2023-12-22,8.98541701778184,4.98689513859985
USA-000259,CUST-0021,2023-11-28,7.34741044305551,5.118280226052408
USA-004185,CUST-0345,2023-07-02,7.7457772974568,4.526584042130803
USA-004133,CUST-0341,2023-12-16,5.759383779551457,5.906079497355077
USA-003601,CUST-0298,2023-06-27,0.0,2.5575483243914507
USA-004467,CUST-0370,2024-04-08,3.969771639123617,4.0621887651486315
USA-001791,CUST-0151,2023-09-15,5.589823270502453,5.2650715034866025
USA-004378,CUST-0362,2023-12-21,5.857091585587959,5.727672900629857
USA-002663,CUST-0221,2023-09-21,4.542932488846805,6.97062924221047
USA-002232,CUST-0186,2024-03-07,2.793213960931244,3.1967413472519945
USA-002959,CUST-0246,2023-07-27,2.770917954553493,2.363535584609498
USA-002544,CUST-0210,2023-10-31,4.442391237284905,3.7144901003625637
USA-004468,CUST-0370,2024-04-20,5.386510575536783,1.9208040409614937
USA-003738,CUST-0309,2024-02-19,9.461505530787168,4.98052053049008
USA-000628,CUST-0050,2023-07-11,9.11790194397417,5.220631530189372
USA-002517,CUST-0208,2024-06-12,5.7204184006158405,4.610257627406895
USA-000302,CUST-0024,2023-12-02,0.20649714049900036,3.006564307604435
USA-001176,CUST-0101,2024-06-16,5.755093650615452,6.858646975973656
USA-001198,CUST-0103,2024-06-23,7.146675511563767,6.203356459165312
USA-001142,CUST-0098,2023-09-22,10.524860349637128,6.483263193205803
USA-002682,CUST-0222,2024-05-07,6.418447322685432,3.5188519958569002
USA-000689,CUST-0056,2023-11-25,6.121643776063193,6.485035988183915
USA-004273,CUST-0351,2024-03-10,9.995911262025473,5.851757541308518
USA-001313,CUST-0111,2023-09-28,8.773509560805335,6.754028740840498
USA-003327,CUST-0274,2023-08-11,9.720346830710021,6.049250038539752
USA-000135,CUST-0012,2023-07-01,4.994224323790841,5.2706161917661944
USA-003082,CUST-0255,2023-08-28,3.7524801579925735,3.7056777948750588
USA-004502,CUST-0374,2023-07-21,5.370367133812705,4.626369675640936
USA-000585,CUST-0047,2023-11-15,7.6928662071890495,4.018525810063072
USA-001008,CUST-0086,2024-04-04,9.619488284444238,9.155290590212115
USA-001374,CUST-0117,2024-01-11,1.8815573131453318,3.3957035311387824
USA-004529,CUST-0378,2023-08-28,4.594611331171392,3.215385886788344
USA-003254,CUST-0268,2024-04-05,11.04674582526959,5.522557152848722
USA-000603,CUST-0048,2024-05-19,4.082836588324793,3.6312359942508405
USA-003284,CUST-0270,2023-06-03,1.5826887584705567,5.811749454886995
USA-002576,CUST-0212,2023-09-17,5.44043074890106,3.305975661375295
USA-003333,CUST-0274,2024-04-09,10.759754408303847,8.251224587895925
USA-000269,CUST-0022,2024-01-14,8.27899720546415,5.780667344945543
USA-000328,CUST-0027,2024-05-26,9.360807481961029,5.691227463097298
USA-000691,CUST-0056,2023-12-08,10.792637491146145,5.889209224948437
USA-000274,CUST-0022,2024-03-19,7.510405611260492,5.533815728439446
USA-004002,CUST-0330,2024-01-01,6.410061751784587,4.480312178720867
USA-001110,CUST-0095,2023-08-02,3.160531213497997,3.5170913352557487
USA-000768,CUST-0062,2024-02-14,6.111524573564364,3.4617696145719083
USA-003392,CUST-0280,2023-12-26,4.7494181563360955,5.6299651895503136
USA-002947,CUST-0246,2023-12-29,4.733573532686295,4.480678414416266
USA-003243,CUST-0268,2024-05-26,9.27636694663231,6.134736004418664
USA-000485,CUST-0039,2024-01-22,12.032731173265628,7.868409097832686
USA-001896,CUST-0159,2023-09-30,2.4458457924599664,4.017306626865165
USA-000977,CUST-0083,2023-08-06,1.9225762237192825,2.9737062607591453
USA-000528,CUST-0043,2023-07-25,4.881626021426986,4.743336723246556
USA-000526,CUST-0043,2024-04-16,-4.096138884012082,6.525598649688497
USA-002808,CUST-0232,2023-06-27,8.072688208155219,3.4489496518534706
USA-003580,CUST-0295,2024-02-15,3.3823956943836846,5.006001821046349
USA-003913,CUST-0322,2024-05-02,7.097615391167128,6.639895928656445
USA-000979,CUST-0083,2023-08-24,2.268177539366101,3.2666803833107476
USA-000031,CUST-0003,2024-01-29,8.210943514807601,7.619532055490823
USA-001455,CUST-0125,2024-01-07,6.849167619441059,5.875622593300864
USA-000458,CUST-0037,2023-06-28,1.9310915098328483,3.008477740808808
USA-002405,CUST-0199,2023-12-07,2.4527285889372985,4.0680529683892495
USA-000348,CUST-0029,2024-05-01,7.632675898888136,3.4047151226225463
USA-004567,CUST-0381,2023-10-22,9.367035871926136,4.726958654957284
USA-000162,CUST-0015,2023-07-16,0.8618306510865519,2.1375687280257276
USA-000973,CUST-0082,2023-09-28,6.415478970215641,5.869589678125986
USA-000842,CUST-0069,2024-04-01,11.325245166792765,7.405594130935924
USA-002717,CUST-0225,2023-09-11,3.7351148294943766,3.5300826411033843
USA-003498,CUST-0288,2023-08-11,1.9795605147452808,4.6034769583180575
USA-002953,CUST-0246,2023-06-15,3.11492156814984,4.950891738597074
USA-002866,CUST-0238,2024-04-03,2.6852458677965836,4.872707649956923
USA-000089,CUST-0008,2023-11-22,8.14223312279857,7.212670127266582
USA-001878,CUST-0157,2023-08-18,2.512738260858579,2.7927873567491783
USA-000030,CUST-0003,2023-06-13,7.986409514800348,7.182866283890526
USA-001330,CUST-0112,2024-03-16,5.297283967076467,3.874503422798891
USA-004056,CUST-0335,2023-10-12,6.656788948404428,4.207755278421334
USA-002485,CUST-0205,2024-05-28,6.897650458507424,3.6849970887972523
USA-001920,CUST-0161,2023-08-29,10.660555924792854,6.5309882644987525
USA-002971,CUST-0248,2024-05-11,4.320895708524535,5.708739165393444
USA-000739,CUST-0059,2023-06-10,9.01554245008247,5.404545607703439
USA-000699,CUST-0056,2023-11-13,8.333339584832526,7.475566538404799
USA-003489,CUST-0287,2023-07-08,5.894309834560819,4.899407575381032
USA-004463,CUST-0369,2023-08-19,9.818066047041286,6.772704472889035
USA-004386,CUST-0363,2024-02-08,7.751645964388375,4.254433701238117
USA-002945,CUST-0245,2024-03-31,7.334818456320585,6.520509799321084
USA-000581,CUST-0047,2023-11-16,3.739694217302071,3.827154680513687
USA-003550,CUST-0293,2024-01-03,6.534541302292129,4.095214434329199
USA-003412,CUST-0281,2023-10-30,6.059206811591807,6.027540413144289
USA-002575,CUST-0212,2023-09-01,2.640241368291778,5.173833723631242
USA-003638,CUST-0300,2023-09-23,5.01549006148472,4.142483453715239
USA-001574,CUST-0136,2023-07-10,4.8022212359274,4.666245333446705
USA-001679,CUST-0143,2024-06-07,12.606315170706644,7.80743022847202
USA-001750,CUST-0149,2023-10-09,1.489019313222681,4.012002557331538
USA-001578,CUST-0136,2023-12-12,6.4517931657845615,3.167496834312022
USA-001601,CUST-0138,2024-03-05,9.564201624301136,6.134609906776391
USA-002028,CUST-0170,2023-08-15,7.225056912606862,7.197957567424112
USA-004621,CUST-0385,2024-02-07,9.462349475120934,5.870475802836141
USA-001370,CUST-0116,2023-11-08,6.3305788821479325,3.2901138640871466
USA-000345,CUST-0028,2024-03-24,9.267775371920152,6.965473538290235
USA-004590,CUST-0383,2024-06-03,11.349058834403653,9.050914676949763
USA-000755,CUST-0061,2024-05-16,8.315289419706609,2.9943488652278867
USA-000420,CUST-0035,2023-07-16,7.1916632334456505,7.742359924833046
USA-001473,CUST-0127,2024-04-04,4.503650631166659,3.950963939938788
USA-000100,CUST-0009,2024-04-11,4.705036649109543,3.5102840060161027
USA-003923,CUST-0323,2023-08-14,1.3021791550770683,2.8405734152081568
USA-004576,CUST-0382,2023-10-25,10.648675245093383,8.23000305491406
USA-003156,CUST-0261,2023-10-24,10.0174839248688,9.095735375598577
USA-000523,CUST-0043,2024-02-26,4.6063960021073385,6.684498408456575
USA-000617,CUST-0050,2024-03-23,6.29100802708363,6.647146496590048
USA-004148,CUST-0342,2024-06-08,9.186841737598002,5.866660317822547
USA-001228,CUST-0105,2023-10-23,8.728006914580504,6.295770297408882
USA-000337,CUST-0028,2023-10-19,9.995173659297524,3.998674504643541
USA-001514,CUST-0131,2023-08-14,2.329094830343758,2.2505051936770473
USA-000351,CUST-0029,2024-01-08,7.0955004109640285,3.8463083904228905
USA-002908,CUST-0242,2024-02-15,2.0397970688280123,1.1471755708466411
USA-004384,CUST-0363,2024-05-16,7.133679876419503,5.170595643635493
USA-000668,CUST-0054,2024-05-12,2.5104007345431127,3.367629614619836
USA-000946,CUST-0080,2024-06-18,0.0,2.7941414789671284
USA-000637,CUST-0051,2024-03-22,0.0,0.0
USA-004370,CUST-0361,2024-05-26,7.206905789510382,4.632984357862382
USA-003249,CUST-0268,2023-11-19,25.675564662022794,7.522750877278767
USA-003664,CUST-0302,2023-08-09,1.9776325447779524,4.418050133119909
USA-001835,CUST-0154,2024-02-14,8.467625670154694,6.415130441467796
USA-002980,CUST-0248,2024-01-13,5.599991953056369,5.703425383546344
USA-003540,CUST-0292,2024-03-15,5.609212918122548,5.898669943219838
USA-003793,CUST-0313,2023-12-24,5.968150619660483,5.411810625327997
USA-003544,CUST-0292,2023-11-08,6.263946139995894,5.027360879528411
USA-004539,CUST-0379,2023-08-12,0.1803305424093895,0.8104365119789078
USA-003110,CUST-0258,2024-04-12,3.9953028759918605,4.021473280152906
USA-000109,CUST-0010,2023-07-13,0.0,4.047630981069487
USA-003936,CUST-0324,2024-01-25,7.30106676614126,5.596651652871483
USA-003466,CUST-0286,2023-07-15,7.55909478858605,6.516860253171778
USA-000646,CUST-0052,2024-01-06,3.1924638771718863,5.191820273308722
USA-003696,CUST-0305,2023-06-26,1.611843174428996,1.8188661993293658
USA-004505,CUST-0375,2023-11-30,6.358940722845302,5.748803628332838
USA-004152,CUST-0342,2023-06-21,8.007890705907847,5.165938222342792
USA-002831,CUST-0234,2024-02-24,2.2832809188670695,4.5898891854149815
USA-004067,CUST-0336,2024-05-17,6.726422871112554,3.693466851589384
USA-004511,CUST-0376,2024-05-10,5.061335965109137,4.911242239658513
USA-001143,CUST-0098,2024-03-08,8.683783761383516,6.509117386917983
USA-003408,CUST-0281,2024-03-28,5.050715100751007,5.3818164067487535
USA-004176,CUST-0345,2024-03-27,8.918706575857925,4.938225444902172
USA-002708,CUST-0224,2023-06-13,8.7063514666428,6.364273966939015
USA-002840,CUST-0236,2024-04-06,6.031094383380657,3.8492657472733867
USA-004157,CUST-0343,2024-01-05,8.01574358451963,7.253136950079895
USA-002764,CUST-0228,2024-06-12,4.25120594055049,2.8866685993546257
USA-000222,CUST-0019,2023-07-27,5.293304358948752,5.1276867428595665
USA-000983,CUST-0084,2023-07-22,9.969309287211015,8.327185839297048
USA-001088,CUST-0093,2023-09-24,5.0506606530920894,3.4296917375492577
USA-000703,CUST-0057,2024-01-22,7.704823088149431,5.549588873881706
USA-001763,CUST-0149,2024-01-24,1.1148080843282613,2.0891993271261775
USA-001588,CUST-0137,2024-01-25,5.780547321844374,5.924243292580105
USA-001796,CUST-0151,2023-08-25,7.913920165577588,5.958965766366066
USA-001106,CUST-0095,2023-08-03,4.3330438698672795,4.035689526715202
USA-001932,CUST-0162,2024-06-15,10.223213621555182,4.24624045889484
USA-000669,CUST-0054,2023-07-24,0.0,2.136211985972506
USA-003210,CUST-0265,2023-06-29,5.857250129042244,5.074553513517899
USA-001820,CUST-0153,2023-09-14,9.93189943295246,6.237962614775544
USA-001541,CUST-0133,2023-07-07,11.667519200614716,7.745234197472538
USA-001463,CUST-0125,2023-07-28,6.355303590511719,5.10738911414209
USA-004414,CUST-0365,2023-07-01,7.686408986495637,5.11092290047152
USA-001296,CUST-0110,2024-04-07,9.899434263684551,5.420715953036557
USA-003208,CUST-0265,2024-04-06,5.063168851864526,5.870327653818917
USA-003712,CUST-0306,2024-06-25,6.013383443875422,7.026960733029751
USA-004224,CUST-0348,2023-10-07,2.8737394844575253,3.5551501676954183
USA-002740,CUST-0227,2024-02-11,13.382758483306286,3.483276378397663
USA-001157,CUST-0099,2023-07-20,4.129470042785968,4.549809884336371
USA-001301,CUST-0110,2023-12-02,6.7410098493548825,7.14594081614766
USA-002071,CUST-0173,2024-05-10,3.7899844927864166,3.329036965958553
USA-002778,CUST-0230,2023-06-13,9.959512493338902,5.849010536407092
USA-001202,CUST-0103,2023-12-24,9.957226704695136,8.496407000477623
USA-001288,CUST-0109,2024-05-15,1.9990465959774246,4.020397853445594
USA-003587,CUST-0296,2023-10-16,5.531789038364623,5.075295645519047
USA-003162,CUST-0262,2023-07-04,2.209198958790024,2.749075988221667
USA-002437,CUST-0201,2024-02-06,3.200144319711715,5.122368651361674
USA-004267,CUST-0351,2024-05-02,8.838640131344066,6.006379449662203
USA-002506,CUST-0207,2023-07-09,9.056543125800715,6.536289410821965
USA-003334,CUST-0275,2023-08-27,8.26413068339545,6.885778652825428
USA-002033,CUST-0171,2024-06-07,9.309628300608246,5.480763447936095
USA-000663,CUST-0053,2024-04-01,4.019514020005531,3.57639540589376
USA-002841,CUST-0236,2024-03-23,8.809557748466112,5.3852784144783605
USA-000356,CUST-0029,2023-11-06,7.0538798787037535,5.652567580452125
USA-001621,CUST-0140,2023-06-22,5.314093297918649,4.038889760019208
USA-001287,CUST-0109,2023-08-04,4.689343317843812,3.3164788210033183
USA-004154,CUST-0343,2023-08-18,7.179297989901494,5.526723846067624
USA-000238,CUST-0020,2023-07-13,3.4004367994719256,2.9715575068192432
USA-002298,CUST-0191,2023-10-24,1.311672258103584,3.681771501180407
USA-000545,CUST-0044,2024-04-17,7.415052215497196,4.749214428596693
USA-003134,CUST-0260,2023-07-06,10.811219065099896,8.124283466162854
USA-003114,CUST-0258,2023-11-02,7.8522998088326155,5.555218975942505
USA-001437,CUST-0123,2023-06-12,5.736887874966117,6.01940443590063
USA-000931,CUST-0078,2024-06-06,4.874700373941944,4.9489108352836215
USA-002213,CUST-0185,2023-09-13,6.26794212265193,5.220549580326621
USA-003621,CUST-0299,2023-11-05,5.157379582503483,3.792429900484702
USA-002929,CUST-0243,2024-01-13,6.361021581299081,4.698690447899586
USA-002025,CUST-0170,2024-06-23,8.405518666812966,6.324845596412506
USA-003797,CUST-0314,2023-08-06,16.216723050092604,8.448912160068664
USA-001547,CUST-0133,2023-12-21,10.81729102793118,7.270297217623884
USA-004507,CUST-0375,2023-08-25,4.840310624336,5.467506289944615
USA-000208,CUST-0018,2023-12-20,7.778110282917446,6.544172547467783
USA-001702,CUST-0145,2024-01-12,6.2160462733526,4.322191042862004
USA-004271,CUST-0351,2023-06-09,9.50193642108554,4.222741617413132
USA-004459,CUST-0369,2024-05-26,11.965948430722245,7.034787475380351
USA-003187,CUST-0263,2024-01-15,1.989501141871794,3.924175555306137
USA-004163,CUST-0343,2024-05-03,8.181532701624645,7.017602583630339
USA-003308,CUST-0272,2023-08-23,7.223837904841812,5.250252843804071
USA-002144,CUST-0179,2023-06-10,5.4600133088644895,3.9242860069190058
USA-000517,CUST-0042,2024-04-26,0.0,1.9319074489102688
USA-002555,CUST-0211,2023-07-02,6.469211377380668,6.202227710562488
USA-003742,CUST-0310,2023-08-06,8.218483229349662,6.459119007845934
USA-002691,CUST-0223,2024-06-26,2.976802336683444,2.983956958534895
USA-000437,CUST-0036,2023-11-09,6.447298122543773,5.613417417648485
USA-003849,CUST-0318,2023-12-27,3.226066235227905,5.944584664113631
USA-003338,CUST-0275,2024-06-21,6.116984140561618,7.055823140956383
USA-000610,CUST-0049,2023-06-21,0.0,2.9060447029413567
USA-001175,CUST-0100,2023-06-07,5.7404682648805245,6.271513216533838
USA-000226,CUST-0019,2024-03-08,1.9143892430823968,4.021118253002695
USA-004109,CUST-0340,2023-07-13,7.267733078232185,5.497593239846195
USA-002601,CUST-0215,2024-03-24,6.77220902112755,5.605629181634738
USA-003316,CUST-0273,2024-02-24,2.6211889644591313,4.738167721129226
USA-000321,CUST-0026,2024-04-18,6.91522881544085,4.9190253934796235
USA-004360,CUST-0360,2024-04-19,6.04494575542768,4.961833767062102
USA-003182,CUST-0263,2023-09-30,1.953469434627479,2.6763874009861546
USA-002749,CUST-0227,2023-08-30,2.9720562918751785,2.6646120455239513
USA-004132,CUST-0341,2023-12-29,7.0197175771699545,8.081071012493169
USA-003754,CUST-0310,2024-06-07,8.561730687717084,5.674462080498557
USA-000196,CUST-0017,2023-11-19,10.794403234867413,6.535793344025948
USA-000447,CUST-0036,2023-08-03,6.479456307049139,6.519390188526264
USA-003887,CUST-0320,2023-06-22,4.287746359992139,5.783122618770269
USA-001337,CUST-0113,2023-09-02,6.229836686362476,4.681532911385009
USA-002986,CUST-0248,2023-06-06,4.587250501462263,3.5809397579901856
USA-001946,CUST-0163,2023-07-12,14.086729817618696,9.281286926699035
USA-001723,CUST-0146,2024-01-16,5.98083432887319,4.440525827422234
USA-003722,CUST-0308,2024-02-23,5.631320938962207,5.2399197719933825
USA-003961,CUST-0327,2023-11-08,3.86627624816653,3.836348898005929
USA-002677,CUST-0222,2023-09-15,3.456863544579774,5.369861268598613
USA-003303,CUST-0271,2023-08-26,6.828066962831839,7.000334965820192
USA-002160,CUST-0180,2024-02-27,-3.5463545901965867,5.559270274892377
USA-001645,CUST-0141,2023-12-05,7.385295816002064,5.154615863555183
USA-002329,CUST-0194,2023-06-28,3.916140183398891,3.0779186296286913
USA-000451,CUST-0037,2024-04-19,0.10986871918560681,2.8093599555333117
USA-003244,CUST-0268,2024-01-29,10.247112410412669,5.514313252809651
USA-000653,CUST-0052,2024-01-17,7.82662278317655,4.43735689076584
USA-003784,CUST-0313,2024-01-20,9.058809449903427,6.436258141757157
USA-001659,CUST-0142,2023-06-13,6.370793980865001,5.1433157530105875
USA-003884,CUST-0320,2023-07-11,1.6108628792453383,4.671416249059773
USA-001205,CUST-0103,2024-04-04,10.097285175500163,5.34159984987039
USA-000543,CUST-0044,2023-11-12,7.34391246569657,5.027842874574466
USA-003532,CUST-0292,2024-01-26,6.76866204435125,5.557958235202991
USA-000782,CUST-0063,2023-11-03,7.943854092257963,7.42052111944496
USA-000894,CUST-0075,2023-09-24,10.162338514204988,7.043232508864576
USA-002820,CUST-0234,2024-01-01,2.147158961909203,3.6182767130338287
USA-000987,CUST-0084,2024-04-20,8.650148358224055,7.286995453450096
USA-000284,CUST-0023,2023-06-24,2.457272942805859,5.565013978605252
USA-001571,CUST-0135,2024-01-17,6.896975087614233,3.9950649508938914
USA-002935,CUST-0244,2023-08-17,8.843273094911723,5.301830907176937
USA-003699,CUST-0305,2023-10-06,2.6215903347735825,3.113439663311035
USA-002411,CUST-0200,2023-07-07,2.97433835057885,4.057713715643864
USA-003131,CUST-0260,2024-04-04,9.949826583507814,9.213746779521271
USA-001386,CUST-0117,2023-09-09,4.205701419650336,2.6740999162402708
USA-004420,CUST-0365,2023-11-08,3.9794734877394147,4.842571262474155
USA-003828,CUST-0316,2024-06-04,4.179312673721564,6.143469478572207
USA-001108,CUST-0095,2023-09-30,5.841599731559186,4.911851312324368
USA-004169,CUST-0344,2024-03-17,5.230311713923313,5.069536119979205
USA-001409,CUST-0120,2024-01-03,10.302616974981753,7.033807429067327
USA-002114,CUST-0177,2023-08-28,5.676950325030022,5.416701965580641
USA-000057,CUST-0005,2023-11-22,3.9905036168648964,4.416957682850223
USA-004664,CUST-0388,2023-10-27,5.64408337948011,4.689164690979474
USA-000900,CUST-0075,2024-02-29,11.825277459042608,6.95091570731997
USA-003058,CUST-0253,2024-03-10,6.56342599547258,5.248092284857545
USA-003033,CUST-0252,2024-05-15,8.010519492951161,6.619538099339842
USA-003235,CUST-0267,2023-08-11,0.0,3.439111342849862
USA-000700,CUST-0057,2024-04-04,6.279915937033923,5.320717659910381
USA-000056,CUST-0005,2023-07-13,1.5550537666801376,3.363590682920813
USA-002430,CUST-0201,2023-11-13,3.9731160367174003,3.584094090386172
USA-000766,CUST-0062,2023-11-27,5.654707837590897,4.920213576319456
USA-004446,CUST-0368,2023-08-15,7.118813690213887,5.723112616109824
USA-001274,CUST-0108,2023-11-27,3.6259492104558833,4.265450479104627
USA-001441,CUST-0123,2024-04-09,6.433100847823337,4.032451673349224
USA-003651,CUST-0301,2023-08-22,9.286991595187027,7.3888356707469285
USA-001135,CUST-0097,2023-07-01,2.5128900517973203,3.376195833974216
USA-002503,CUST-0207,2023-06-08,10.44145755399047,6.76235150980319
USA-002416,CUST-0200,2023-10-26,4.906863376687959,3.3721480057925373
USA-001905,CUST-0160,2024-06-30,4.323134139028203,2.8880160329630855
USA-000736,CUST-0059,2023-09-11,9.491857284957044,6.711554171628958
USA-000313,CUST-0025,2023-12-30,5.4354288192665035,3.7627259930332393
USA-004259,CUST-0350,2023-09-21,5.596249889710234,4.276104109845742
USA-000874,CUST-0073,2024-03-11,10.765674655107496,7.093357532083274
USA-002978,CUST-0248,2024-03-29,4.397501029227585,3.3259212502367768
USA-000409,CUST-0033,2024-05-16,8.389400430489756,5.78584204892165
USA-001642,CUST-0141,2023-07-14,3.6540182780941914,5.571780006757805
USA-002659,CUST-0221,2024-03-22,6.986986791820524,5.508216363400829
USA-002201,CUST-0184,2024-03-12,9.791279120261338,7.500800674693958
USA-000839,CUST-0069,2024-02-03,11.092774614579021,5.5244041349765345
USA-000856,CUST-0071,2024-01-26,7.397094891407213,6.5127545332312895
USA-001342,CUST-0113,2024-02-07,6.307436000851425,7.442014245227992
USA-000427,CUST-0035,2024-04-09,7.7054721539866815,7.3400627924966395
USA-003396,CUST-0280,2023-09-05,1.8865532119679829,3.030425398132621
USA-002874,CUST-0239,2023-08-17,6.2204344157931235,3.54639735093504
USA-004563,CUST-0381,2024-03-14,11.587929841252231,5.7600214880086265
USA-001911,CUST-0160,2024-05-07,3.573321137549277,3.649343447305252
USA-000949,CUST-0080,2023-10-29,0.6706979339571997,1.4561988398615762
USA-000694,CUST-0056,2023-10-12,6.5843915993087725,7.3481581123157955
USA-003320,CUST-0273,2024-03-25,4.228266601121381,3.377646212762837
USA-004430,CUST-0366,2023-08-09,4.859926075074795,2.705046593552918
USA-004634,CUST-0386,2023-07-16,7.454165228296796,4.624809611649483
USA-003543,CUST-0292,2024-05-14,8.954453541182737,4.335945400436951
USA-002896,CUST-0241,2023-08-11,5.70016612759559,4.27683814274367
USA-001674,CUST-0143,2023-09-04,8.242369331370933,7.291983232736763
USA-000622,CUST-0050,2023-09-20,6.255783525583264,5.209602638658469
USA-004573,CUST-0382,2023-06-30,11.964856332510731,7.214334745125276
USA-000866,CUST-0072,2023-12-02,6.742938865053671,4.457715120567489
USA-001567,CUST-0135,2023-07-09,3.2463882824754724,4.201476493850034
USA-002003,CUST-0168,2023-08-27,7.1391736758663455,2.592837712534851
USA-002246,CUST-0187,2023-09-14,6.405990188599205,6.156389500157904
USA-004393,CUST-0363,2023-12-01,7.127712503707902,4.7066572144017
USA-000631,CUST-0051,2023-08-07,0.0,0.5787907052856656
USA-003307,CUST-0272,2023-06-07,6.880165712752805,4.714482668328587
USA-003562,CUST-0294,2024-03-10,6.4647049765510305,6.144520739318018
USA-001307,CUST-0110,2024-05-31,8.048162409801966,5.604129437988807
USA-001451,CUST-0124,2023-09-02,11.401600966979062,4.436837987336171
USA-001927,CUST-0162,2024-03-13,6.854376411314714,4.209261900874733
USA-000087,CUST-0008,2023-09-22,7.492742892430342,4.68133653905261
USA-000643,CUST-0052,2024-02-02,-9.101946721955112,5.884480744190547
USA-001204,CUST-0103,2023-11-27,11.231879892243768,6.906791557287349
USA-001553,CUST-0134,2023-08-07,12.183887355089885,7.441623008220876
USA-000875,CUST-0073,2024-01-30,8.003261729793781,9.051875606521822
USA-002674,CUST-0222,2024-03-04,5.464655657236179,5.096019744013177
USA-003997,CUST-0329,2024-04-02,5.357772087056222,3.2556885229879136
USA-000520,CUST-0042,2024-01-23,1.4806150482531715,2.3413551130856938
USA-000194,CUST-0017,2024-05-05,8.281775979458798,7.1935301882092935
USA-001817,CUST-0153,2023-12-20,6.454148188518946,4.318153982739233
USA-000448,CUST-0036,2023-08-21,3.703560359038648,6.260091439508704
USA-002700,CUST-0223,2023-06-10,5.9551670831590435,2.9914389582030214
USA-004135,CUST-0341,2024-06-24,8.51141914631462,4.2880309493062345
USA-002507,CUST-0208,2023-06-08,5.091061441621957,4.847682016193412
USA-002510,CUST-0208,2023-12-20,5.521936495508527,3.0544950072832835
USA-001914,CUST-0160,2024-03-22,6.908354717063744,2.0248189608443696
USA-001609,CUST-0139,2024-03-24,6.475882724863021,6.038146597185898
USA-002956,CUST-0246,2024-06-05,6.21499306591464,4.464924654906143
USA-000881,CUST-0074,2023-06-27,5.147754526137117,4.673966037788375
USA-001258,CUST-0107,2023-07-03,7.2953616981170315,6.315024648863566
USA-001002,CUST-0085,2023-10-23,4.856142434943114,4.63258497988673
USA-004054,CUST-0334,2023-06-19,9.630008514259915,4.326391974686739
USA-000322,CUST-0026,2023-08-03,4.928502301892222,6.0231341887161
USA-004243,CUST-0349,2024-04-11,3.521450964055312,4.871823348313031
USA-004239,CUST-0349,2024-02-19,5.0612963600242,4.021050303882599
USA-003381,CUST-0279,2024-05-22,5.609872996613514,4.301442540348666
USA-003577,CUST-0295,2023-12-09,3.8872659612192613,6.086084940794558
USA-000383,CUST-0031,2023-09-18,6.264609363302444,5.583292869597921
USA-004553,CUST-0380,2023-09-04,3.4899836553944628,5.5926745174156745
USA-004504,CUST-0375,2023-08-27,12.416281943663897,7.3145409750164045
USA-004609,CUST-0385,2024-06-23,6.779968358293048,6.342170854679786
USA-001833,CUST-0154,2023-07-12,8.950578637177339,7.507434731704291
USA-002442,CUST-0202,2024-03-13,8.620742908184862,4.600680732715608
USA-003893,CUST-0321,2023-11-11,8.143954865280007,6.217706535914493
USA-001619,CUST-0139,2023-10-24,7.68468251546239,5.6285572708636185
USA-002427,CUST-0201,2024-03-02,4.516758682080132,4.8003248894667205
USA-004020,CUST-0331,2023-11-04,7.385997236192065,5.720071718270967
USA-002904,CUST-0241,2023-09-14,7.171149087650517,5.78238844828853
USA-003092,CUST-0256,2023-10-20,2.759554469135172,4.899048018673826
USA-000113,CUST-0011,2024-04-14,5.359444211607132,6.75696396462484
USA-001618,CUST-0139,2023-10-29,4.922765575869986,4.735848428502797
USA-001188,CUST-0102,2023-12-19,25.156896183562537,4.264636221098552
USA-000052,CUST-0005,2024-05-17,1.375395763299856,4.060478728767049
USA-001840,CUST-0154,2024-03-01,8.366293224467116,5.1107347390666265
USA-000305,CUST-0024,2023-08-24,1.2467034391414926,2.434234263660439
USA-000180,CUST-0016,2023-12-30,3.8627428195788442,4.662972298725677
USA-000750,CUST-0060,2024-03-15,5.451062564111412,6.2186833328825255
USA-000869,CUST-0072,2024-06-29,8.438709460118137,8.84215031715248
USA-002282,CUST-0190,2023-12-11,9.41615063962336,4.864276768678178
USA-000747,CUST-0060,2024-05-04,4.263014610584515,5.276346743469385
USA-003417,CUST-0282,2023-06-17,8.746392977660605,5.7397475850251025
USA-000734,CUST-0059,2023-12-17,11.517336665821851,6.486960285010986
USA-001787,CUST-0151,2024-03-10,6.004087772369999,3.3492621899599633
USA-003764,CUST-0311,2024-05-01,11.357751885410394,6.620882435970927
USA-001634,CUST-0141,2023-08-17,3.571881588932774,5.200002198933648
USA-000841,CUST-0069,2023-10-25,9.100108037286384,9.440503315905605
USA-003963,CUST-0327,2024-03-17,3.8599805478272557,3.849677628203244
USA-002112,CUST-0177,2023-07-05,3.7754309734848386,4.287343040620602
USA-001257,CUST-0107,2023-12-26,11.551768317197347,7.172915610450859
USA-003708,CUST-0306,2023-07-30,7.837183892605705,4.646390023835561
USA-000720,CUST-0058,2023-11-03,4.106288061636148,3.2097446885353103
USA-001192,CUST-0102,2024-02-15,8.457334144691126,6.894276600359756
USA-001884,CUST-0157,2024-06-15,0.9904607293149317,3.1865150610254216
USA-000282,CUST-0023,2024-04-10,4.915741006207673,3.653064752657171
USA-000627,CUST-0050,2023-12-30,9.489539784481199,7.686111411222062
USA-002679,CUST-0222,2024-03-03,6.511406626123451,5.495925323157607
USA-001983,CUST-0167,2023-06-30,11.725989556335154,7.550548964161341
USA-000887,CUST-0074,2024-05-14,6.965751676181752,5.188070765071414
USA-001311,CUST-0111,2024-05-22,9.066171118554797,5.968655426404812
USA-003120,CUST-0259,2023-09-08,7.249163709854857,6.630258002318944
USA-001226,CUST-0105,2024-01-15,10.310855481176441,7.455485539444246
USA-003405,CUST-0281,2023-10-06,5.562551506416075,4.858429773448322
USA-001949,CUST-0163,2023-06-08,13.172651227166638,7.697161356520589
USA-004704,CUST-0392,2024-05-11,5.139663644612171,3.013415080669418
USA-002162,CUST-0181,2023-07-10,8.472719436687296,6.671684383520751
USA-001522,CUST-0131,2023-12-27,6.251440082425532,2.9916260641943238
USA-002483,CUST-0205,2023-08-27,4.549276428234656,5.011740158216375
USA-003493,CUST-0288,2024-01-28,1.8088629192171601,2.6766735141372306
USA-001907,CUST-0160,2023-11-19,17.350947374152664,3.6885420415326293
USA-001586,CUST-0137,2024-01-19,7.921554977320692,6.092692127349154
USA-002127,CUST-0177,2023-09-23,6.908514332097002,5.13550788109105
USA-002241,CUST-0186,2023-12-24,2.842238379811895,3.9311393561820744
USA-002916,CUST-0242,2024-01-21,3.7164243173290887,3.695831596050658
USA-003745,CUST-0310,2023-06-23,9.628104988969767,5.410250540877101
USA-000160,CUST-0014,2023-10-18,4.331558835636631,2.7940063924398757
USA-002726,CUST-0225,2024-02-28,3.1943833729571716,3.9485218748078657
USA-000608,CUST-0049,2024-05-19,4.102670464510901,3.380308489768454
USA-001998,CUST-0168,2023-11-20,5.970804704393959,3.4519359158182077
USA-000018,CUST-0002,2024-05-08,9.325980220566002,6.540346669642846
USA-001087,CUST-0093,2023-08-18,19.23031118061349,4.707954901217125
USA-004625,CUST-0386,2024-06-22,7.951530109544083,4.947239457394401
USA-002342,CUST-0194,2023-12-20,5.772848408915655,4.114719458581025
USA-000497,CUST-0040,2023-11-11,0.5943342297054421,3.5426736717946623
USA-000557,CUST-0045,2024-02-06,5.085808518079954,5.9661049093079725
USA-003198,CUST-0264,2024-06-17,8.512533482848422,6.103959243455122
USA-000174,CUST-0016,2023-09-03,6.535061997135311,4.356294971077504
USA-004300,CUST-0355,2023-08-21,5.5311798714499805,4.6681267283874135
USA-004401,CUST-0364,2023-10-06,7.304450199747633,6.454904540466621
USA-002789,CUST-0230,2024-01-15,11.407607106813767,7.263169980890939
USA-000456,CUST-0037,2024-04-25,0.0,1.0570560432009248
USA-000671,CUST-0054,2023-09-08,3.6492206373490244,0.7895613968990127
USA-000016,CUST-0002,2023-07-11,7.046133487338398,4.861779973799629
USA-000026,CUST-0003,2024-02-02,6.915114445012204,6.259706303258634
USA-003843,CUST-0317,2024-02-07,6.1816526571061265,4.137753475203204
USA-000134,CUST-0012,2024-03-15,4.898427477129402,5.8177066704537985
USA-004617,CUST-0385,2023-10-30,8.335267168449883,6.371490045694521
USA-002005,CUST-0168,2023-09-08,5.85086566099732,3.1800791044102104
USA-002581,CUST-0213,2024-01-03,2.9088478967245797,4.046435060783024
USA-000198,CUST-0017,2023-07-29,9.9838417756672,7.060065123393797
USA-003263,CUST-0269,2023-06-21,5.6866997017440895,5.308247951846885
USA-001865,CUST-0156,2024-05-31,9.282109663030168,6.21629092594482
USA-002706,CUST-0224,2024-03-07,5.974908914520853,4.789888937914594
USA-000600,CUST-0048,2023-06-28,4.437053328722132,4.236519534554932
USA-003935,CUST-0324,2024-06-08,7.7969211595232,5.261944447609866
USA-001952,CUST-0163,2024-05-04,13.603576645203155,6.621606597443339
USA-003940,CUST-0325,2023-11-08,1.352602655313324,2.211433290706383
USA-004546,CUST-0379,2024-03-13,0.0,0.5151342932969731
USA-002047,CUST-0171,2023-06-17,6.792688583185059,4.728841135431189
USA-000565,CUST-0045,2023-08-06,6.601825159308438,5.060422180713201
USA-000917,CUST-0077,2024-01-12,6.327424269493404,5.633601523434016
USA-003351,CUST-0276,2023-10-20,2.8008845234398745,5.039535053140063
USA-000761,CUST-0061,2023-11-27,9.41952912481039,7.089664279597106
USA-002796,CUST-0231,2023-12-29,9.138843929914904,6.8798824018448315
USA-001662,CUST-0142,2024-06-14,7.538281073553418,5.991005639955306
USA-000815,CUST-0066,2024-02-14,4.788733786934999,4.736705860871653
USA-003948,CUST-0325,2023-10-16,2.20410556518352,4.075366432091582
USA-001033,CUST-0088,2024-01-02,0.0,4.975715402032897
USA-003524,CUST-0291,2024-01-18,5.590187671348457,5.912797769154728
USA-000225,CUST-0019,2023-11-09,5.458118471680412,5.120576121951226
USA-003066,CUST-0254,2023-10-05,3.326558824058157,3.801368432285361
USA-002469,CUST-0204,2023-09-14,3.022283240181952,2.470996513748053
USA-003472,CUST-0286,2023-12-18,4.737414692860227,5.585115872993262
USA-002202,CUST-0184,2024-03-11,11.370458150247536,8.24078489438714
USA-001243,CUST-0106,2024-05-20,10.997394651960857,7.446321972504689
USA-004245,CUST-0350,2024-03-16,5.573656125993062,3.7610485630297745
USA-003836,CUST-0316,2024-01-16,6.659704658586668,4.537587961562751
USA-001488,CUST-0129,2023-09-13,2.9487182544437642,4.545804977409103
USA-000735,CUST-0059,2023-06-30,8.965194848981634,9.91597360983694
USA-003551,CUST-0293,2023-09-20,6.472055703925822,8.149069974359147
USA-000228,CUST-0019,2023-10-20,4.730249037426235,3.59949292986191
USA-000927,CUST-0078,2023-09-13,4.101834117163921,3.5740268519008844
USA-003833,CUST-0316,2023-09-30,7.823413229421355,4.534293659937593
USA-004178,CUST-0345,2024-01-30,5.063637199539856,7.399960852642618
USA-001718,CUST-0146,2024-01-30,9.217472750374036,6.481237331102985
USA-002366,CUST-0196,2023-10-21,9.025996109237582,5.23522251586521
USA-001276,CUST-0108,2023-08-20,2.118589798102383,2.5772387487475275
USA-001036,CUST-0089,2024-05-29,4.89176401623136,4.979434399577414
USA-002949,CUST-0246,2023-07-28,5.611175892625238,5.004583022774559
USA-002548,CUST-0210,2023-07-16,5.301392203264713,4.176175596125537
USA-002215,CUST-0185,2024-01-22,6.045361699319458,4.218182095617664
USA-003886,CUST-0320,2024-05-11,2.3308561879133496,2.9137082879190856
USA-002616,CUST-0216,2023-07-01,9.157563354414483,6.583195412502278
USA-003379,CUST-0278,2024-03-29,7.37006509735715,4.663737414735727
USA-000922,CUST-0078,2023-10-21,6.379484924333906,2.9580560834099563
USA-003429,CUST-0283,2024-03-17,9.288102855862618,5.275725692813932
USA-001559,CUST-0134,2024-02-03,10.447273592998542,6.37842774683169
USA-003494,CUST-0288,2024-03-04,2.836219366770821,4.77236747005821
USA-000163,CUST-0015,2023-11-04,2.198748907615993,3.325114573615832
USA-000710,CUST-0057,2024-05-08,3.358619152023416,3.138634688625623
USA-001544,CUST-0133,2023-10-06,12.605114466048674,9.036316444141802
USA-001080,CUST-0092,2024-06-23,11.562641212459306,8.506529804268482
USA-003167,CUST-0262,2024-01-08,4.13384609981712,2.7332498317764866
USA-003424,CUST-0283,2023-12-13,9.008167047387504,4.953837620103915
USA-004097,CUST-0339,2024-04-25,9.282323323323203,5.033891499887829
USA-003646,CUST-0301,2023-07-24,8.593986724743557,6.210487607741983
USA-004121,CUST-0340,2024-02-09,3.5945193479000137,4.701316485495065
USA-004290,CUST-0353,2023-11-23,7.094702684334639,3.609622304574068
USA-003569,CUST-0294,2024-02-23,6.398409896135709,3.5174066482009723
USA-004111,CUST-0340,2023-09-05,6.509751168973767,6.609538630957077
USA-002844,CUST-0236,2023-07-01,5.141076334589151,4.70451676104301
USA-001965,CUST-0165,2024-04-13,7.158346843431139,7.3796802638490995
USA-000469,CUST-0038,2023-06-25,6.6941652749937814,5.409418670655712
USA-001116,CUST-0096,2024-05-31,9.508868125396859,6.260502305247519
USA-000871,CUST-0072,2023-10-07,8.415828824061672,5.823734529735526
USA-003153,CUST-0261,2023-12-31,11.512505200863918,7.218605089342167
USA-003802,CUST-0314,2023-11-10,13.209069877659967,7.802409756099666
USA-002009,CUST-0169,2024-02-03,7.200880558881105,5.049458323540054
USA-004211,CUST-0347,2023-08-12,6.878698647584811,6.792787202292836
USA-002323,CUST-0193,2024-05-16,8.197085781689477,6.7604804439812085
USA-000539,CUST-0043,2024-03-04,6.981155981878477,4.6920767961225165
USA-001630,CUST-0140,2024-01-28,7.016876660001513,4.970047329664238
USA-004356,CUST-0360,2023-08-29,5.382717616649692,5.187240464685255
USA-001015,CUST-0087,2023-12-18,2.5497399778955696,3.650443795967818
USA-003331,CUST-0274,2024-02-20,8.380252030780243,5.274136791347507
USA-003501,CUST-0289,2023-07-26,5.129835737053368,4.685231872664351
USA-004657,CUST-0388,2023-07-26,4.834414059561507,5.077850909305932
USA-001328,CUST-0112,2023-06-17,4.943766546951779,4.269902543210148
USA-003250,CUST-0268,2023-09-18,10.34809779146151,5.850745826254398
USA-001810,CUST-0152,2024-05-19,6.25797961054611,5.072017905158723
USA-001107,CUST-0095,2023-12-27,3.76242502168442,3.8787117425671624
USA-004000,CUST-0330,2023-08-01,5.5251320532288,5.298536510453046
USA-003933,CUST-0324,2023-10-16,8.202443017273046,5.982141808155288
USA-002786,CUST-0230,2024-04-13,11.522715214578094,6.020913160330051
USA-003907,CUST-0322,2023-11-10,9.849777507162491,6.121667115969628
USA-000107,CUST-0010,2023-09-27,2.576790523958728,3.9640323113925233
USA-000939,CUST-0079,2024-06-02,2.178976675515267,3.873924906506551
USA-001519,CUST-0131,2024-01-18,4.520370922410077,2.9049347673054715
USA-004107,CUST-0339,2024-05-14,7.566532492534421,6.620096022579362
USA-000298,CUST-0024,2024-04-26,1.3664903179492143,3.3373950960459755
USA-002830,CUST-0234,2024-02-21,4.379433255447028,5.814614714357941
USA-003382,CUST-0279,2023-07-07,7.405390906470624,5.994623237943393
USA-001792,CUST-0151,2024-04-10,3.9851900264113604,5.197719111233325
USA-001237,CUST-0106,2023-08-31,10.922662389432222,6.870138179067622
USA-001710,CUST-0145,2023-09-08,2.975715950650407,4.338814641861279
USA-003358,CUST-0276,2024-01-23,6.81196366652927,5.410157067406323
USA-000635,CUST-0051,2023-09-14,0.0,1.9666914140814198
USA-001626,CUST-0140,2023-06-03,5.628992506493976,6.893091020553445
USA-001403,CUST-0119,2023-11-01,12.67255715259992,5.304045516575318
USA-003500,CUST-0288,2024-04-04,3.3758865984147963,3.2034828402125806
USA-003359,CUST-0277,2024-06-03,6.2381823608231715,5.633600438562547
USA-003938,CUST-0325,2023-06-12,4.813817009734516,3.8780206599266864
USA-000948,CUST-0080,2024-03-06,1.1455261827724526,2.923612279601404
USA-002625,CUST-0217,2023-11-26,9.864606480229684,7.577538996454508
USA-001123,CUST-0096,2023-09-13,7.1879970819333865,5.5114846660786885
USA-004435,CUST-0367,2023-12-16,6.036877059441009,5.471625793321334
USA-002436,CUST-0201,2024-04-23,12.101001786164161,2.8074472597566453
USA-004183,CUST-0345,2024-04-04,9.855209603563884,3.7245271638374575
USA-004365,CUST-0361,2023-12-19,8.111947099365095,5.8375332584879205
USA-003035,CUST-0252,2024-01-27,7.145869954777188,7.108016618339722
USA-001876,CUST-0157,2024-04-28,1.863365177554182,4.680785399772214
USA-000449,CUST-0036,2023-12-22,6.40649816373764,4.5445641698275026
USA-002632,CUST-0218,2024-03-19,3.6926071368572853,3.5080685319432936
USA-002512,CUST-0208,2023-11-03,4.969297161092465,2.4886994424249043
USA-000740,CUST-0060,2024-01-18,7.853184701585467,8.065007924829352
USA-001781,CUST-0151,2024-01-26,4.5387996008327205,3.997522586091427
USA-001737,CUST-0147,2023-09-18,8.535775216020662,6.446076532066283
USA-001264,CUST-0107,2023-11-23,9.728322334572166,6.583539533031762
USA-000556,CUST-0045,2024-01-20,2.7299695975192915,3.606171260888802
USA-002777,CUST-0229,2023-08-03,10.081639461445787,5.272548552089937
USA-002373,CUST-0196,2024-04-17,7.6446048929733585,5.329028165136656
USA-002760,CUST-0228,2023-07-12,3.774577061404359,3.754165188450144
USA-003174,CUST-0263,2023-11-15,1.3733839737135989,3.4281503937558373
USA-000662,CUST-0053,2024-04-21,7.260917074024307,4.928670808217772
USA-002703,CUST-0224,2023-09-07,6.762418527347341,4.224048958956888
USA-000583,CUST-0047,2024-03-10,7.001332410659358,5.112463696837193
USA-004578,CUST-0382,2024-04-01,11.643203373978464,7.471307338652493
USA-002505,CUST-0207,2024-04-06,-3.7719814596333645,7.572928112209759
USA-004383,CUST-0363,2023-07-29,8.69325385089995,3.2472886638602634
USA-004181,CUST-0345,2024-03-24,8.795465076159608,4.953773430162477
USA-000045,CUST-0005,2023-11-08,5.3075082023608555,4.375248128570312
USA-001066,CUST-0091,2023-09-11,7.709684051724849,4.297885952332715
USA-004490,CUST-0374,2023-12-08,6.237077724704655,5.406055139093356
USA-000575,CUST-0046,2024-05-17,5.38682890018655,2.8476155175678826
USA-001102,CUST-0094,2024-03-02,5.628592374078774,8.116162025538145
USA-003420,CUST-0282,2024-01-18,10.848971946275217,7.66417685995549
USA-003248,CUST-0268,2023-09-30,8.625208962462912,4.20257479267857
USA-003427,CUST-0283,2023-10-14,6.450484029590394,4.610000485027115
USA-003262,CUST-0269,2023-06-02,8.237019175374186,4.529735920415289
USA-002174,CUST-0181,2023-12-03,10.717593003405627,6.731128019707234
USA-004161,CUST-0343,2024-01-25,9.838469557601309,6.256561996769876
USA-002698,CUST-0223,2024-03-29,4.079275391432162,3.7999490818907162
USA-004293,CUST-0354,2024-05-12,8.763052213037668,5.758765799666434
USA-001798,CUST-0152,2023-08-08,6.201656852502207,5.855910382707645
USA-004139,CUST-0342,2024-02-03,6.006409609795053,3.6152724098299247
USA-003312,CUST-0273,2023-09-04,1.0823244646654713,4.201662357580732
USA-000660,CUST-0052,2023-08-11,8.877189628362109,5.635474264755725
USA-003799,CUST-0314,2024-02-22,11.981035610009808,9.069567312626516
USA-001097,CUST-0093,2023-06-20,-6.851917539349651,2.234764976180923
USA-000594,CUST-0047,2024-02-19,5.519539234994444,2.312380401632227
USA-001685,CUST-0144,2023-06-18,6.219217588241534,5.732940317690798
USA-003279,CUST-0270,2024-02-16,5.3646424368087064,2.9444740080579814
USA-001981,CUST-0167,2023-06-13,9.746048309253354,7.149005636757882
USA-000582,CUST-0047,2023-09-16,6.637128915516144,3.400608456016868
USA-004279,CUST-0352,2024-04-01,5.122706006781115,5.592631890161279
USA-001464,CUST-0125,2024-03-02,4.563876489174666,5.401857631866734
USA-001083,CUST-0093,2024-01-10,3.7499312917432914,4.588784063881297
USA-002132,CUST-0178,2023-11-10,10.274279614742813,7.502858947525628
USA-001079,CUST-0092,2024-01-14,15.403715981664213,6.700056200586969
USA-002729,CUST-0226,2024-03-12,7.090762723290749,7.270826069238304
USA-003975,CUST-0327,2024-03-20,1.311951106771522,2.856556773069078
USA-003323,CUST-0274,2023-06-04,9.118347042951006,5.880316536759147
USA-000677,CUST-0055,2024-05-23,7.670293581163767,5.879527768978773
USA-000119,CUST-0011,2023-10-21,6.218817476431977,5.915795143666167
USA-003625,CUST-0299,2024-01-24,3.388789419467534,3.5088496134986613
USA-000901,CUST-0076,2023-10-15,4.103957833214799,4.431687611531586
USA-004228,CUST-0348,2023-08-27,2.075020895049957,4.4661931458497595
USA-000473,CUST-0038,2023-11-16,4.999392379637333,6.055694882205403
USA-004688,CUST-0390,2023-07-19,8.696821716069586,5.872590052995831
USA-001625,CUST-0140,2024-03-08,6.844345510849866,4.599542388080171
USA-004328,CUST-0357,2023-12-20,9.79452801372281,7.358870177329907
USA-004429,CUST-0366,2023-10-13,4.846298828984475,5.196114325911618
USA-001682,CUST-0144,2024-02-23,6.047464518109231,5.51689251687993
USA-004714,CUST-0392,2023-11-11,4.962196302688148,3.769534321533131
USA-000776,CUST-0063,2023-10-14,6.002322472843233,6.079767848307723
USA-000010,CUST-0001,2023-10-13,6.124637328027286,5.430387712633336
USA-002017,CUST-0170,2024-04-05,10.73934574164834,6.464305988513418
USA-004400,CUST-0364,2023-11-29,12.113086851998265,6.2748134195272165
USA-000325,CUST-0027,2023-06-09,6.882130401879524,6.246569315596007
USA-004632,CUST-0386,2023-11-10,5.312520368429535,6.202170805012043
USA-003662,CUST-0302,2024-04-01,2.7555949061243625,3.8221623270483955
USA-003695,CUST-0305,2023-12-16,3.2666744153283727,0.4224233127851482
USA-004448,CUST-0368,2024-01-16,5.845720798676072,5.915062572093155
USA-001841,CUST-0154,2023-07-07,9.25114946485267,6.9623400074246256
USA-002291,CUST-0190,2024-03-21,5.4531968422552275,6.481140687868695
USA-004630,CUST-0386,2024-05-11,9.337545446736845,7.386031469588865
USA-004229,CUST-0349,2024-03-07,5.328337412084314,5.032962429256801
USA-003139,CUST-0260,2024-06-27,7.609195939263175,4.949538665864228
USA-002459,CUST-0203,2023-11-14,1.0457820815550818,2.3100912417963455
USA-000159,CUST-0014,2023-09-21,5.649092564758092,3.84765381465006
USA-001300,CUST-0110,2024-01-01,9.880944665827164,5.18524749158766
USA-003468,CUST-0286,2024-01-16,6.879155267666635,2.6243185427994367
USA-000936,CUST-0079,2024-05-02,6.663361351296395,4.770676095963469
USA-000446,CUST-0036,2023-12-24,4.903098644927276,4.205103225904024
USA-004216,CUST-0347,2024-01-02,6.793349728969929,5.4876504620515885
USA-000510,CUST-0041,2024-03-08,6.410077478383054,4.665952777612118
USA-004681,CUST-0390,2023-12-20,10.452688797269694,6.849539237630932
USA-002363,CUST-0196,2024-05-25,7.606239605325928,6.711872463405417
USA-004646,CUST-0387,2023-11-12,8.129995358632002,3.275567154712179
USA-003384,CUST-0279,2024-01-09,8.811321218879897,6.347258885705843
USA-001230,CUST-0105,2023-12-04,10.514509192828895,5.822511375168064
USA-002511,CUST-0208,2023-11-09,3.38508355541547,5.182178590390102
USA-000086,CUST-0008,2024-05-29,6.725005697329051,6.362533816250045
USA-000129,CUST-0012,2023-07-19,3.0994125971662854,2.705451775357049
USA-002048,CUST-0172,2023-12-11,8.981399081785295,7.415576683511405
USA-002457,CUST-0202,2023-06-24,6.493150144242025,7.235341936583961
USA-000193,CUST-0017,2024-05-30,10.211919694031645,7.304505433579654
USA-004079,CUST-0337,2023-11-08,7.508695044473807,6.224739950017361
USA-003022,CUST-0251,2024-05-09,7.565091881628165,4.600411480567695
USA-002748,CUST-0227,2023-07-05,5.68873056117566,2.718660279125029
USA-004672,CUST-0389,2023-09-09,8.94643238835589,3.8879134761372898
USA-000432,CUST-0035,2024-01-08,8.011119966531158,8.933778840904141
USA-003857,CUST-0318,2023-07-03,4.628628542394689,3.0687665223372775
USA-002919,CUST-0242,2023-10-09,0.9979654293608377,3.7440962403285702
USA-002851,CUST-0237,2023-12-25,10.647943616212128,5.601597618712147
USA-002094,CUST-0174,2024-03-18,2.994033546029307,2.1824433025542906
USA-002281,CUST-0190,2023-09-03,9.884341624138743,5.158953900583639
USA-001637,CUST-0141,2024-01-20,5.118802450677803,3.9538034005540252
USA-000319,CUST-0026,2024-01-04,5.307796080521477,4.377666582151255
USA-001989,CUST-0167,2023-07-27,9.67705666176016,7.0129081493650665
USA-001789,CUST-0151,2023-07-15,3.762566798487946,3.055173320527739
USA-000944,CUST-0080,2024-04-03,0.8320206522377953,2.7977935631296713
USA-001721,CUST-0146,2023-11-24,8.499064604920548,5.188369547684953
USA-003116,CUST-0258,2024-02-20,8.354415080785365,5.105427061591244
USA-004600,CUST-0384,2024-05-17,4.067230497630471,2.6990303049325672
USA-004660,CUST-0388,2023-06-02,5.082679860470163,6.419804034407235
USA-001963,CUST-0165,2023-09-06,7.3873693075388545,7.256257169303475
USA-001195,CUST-0103,2023-07-29,8.512590165739079,7.801233104305471
USA-000895,CUST-0075,2023-06-05,11.884025752666302,7.098979526255272
USA-002750,CUST-0227,2023-09-23,6.164567705716607,2.9085615236875686
USA-003415,CUST-0281,2024-04-18,6.201924353600777,5.86747473104052
USA-002794,CUST-0231,2024-03-08,8.925020587444905,7.056657029439635
USA-000346,CUST-0029,2024-04-24,5.784409263202876,3.646250859064158
USA-001530,CUST-0132,2024-06-17,0.40551100648528493,3.5926189798786137
USA-001480,CUST-0128,2024-01-06,6.52085566394836,4.613662612793081
USA-002303,CUST-0192,2024-03-03,7.397817073121175,6.302232616902035
USA-004309,CUST-0355,2023-09-14,4.546638590000726,4.129094344422604
USA-002050,CUST-0172,2024-01-27,7.256709839482303,5.151903506782765
USA-003548,CUST-0293,2024-04-11,6.2459931695051525,3.735867266920031
USA-001900,CUST-0159,2024-04-09,4.2131796725482005,5.236778911629155
USA-001164,CUST-0099,2023-06-28,4.873404573100375,2.983487003060676
USA-001894,CUST-0159,2023-10-16,6.91769251430179,5.1204508458148945
USA-001319,CUST-0112,2024-01-19,4.817204091562181,3.5118295557232004
USA-002509,CUST-0208,2023-12-19,9.627803557075962,5.215588389734165
USA-002588,CUST-0214,2024-04-04,4.0371537240358215,3.716257140352651
USA-004110,CUST-0340,2023-09-15,8.25870686483439,5.814332423793797
USA-000429,CUST-0035,2023-12-02,10.138351865886843,6.94435198684852
USA-001077,CUST-0092,2024-02-08,11.766080288412901,8.672239351574868
USA-000209,CUST-0018,2023-11-12,8.964324184942882,5.112549016794334
USA-004174,CUST-0344,2023-12-18,4.6477018805955375,3.26724660058622
USA-003032,CUST-0252,2023-09-12,11.835164783585036,7.388438661969651
USA-000379,CUST-0030,2024-05-19,7.1496565264941205,6.430777150131017
USA-004501,CUST-0374,2024-06-09,2.0324165561298835,4.441495054828785
USA-004610,CUST-0385,2023-08-05,8.740622684578874,4.456404842614438
USA-003428,CUST-0283,2024-05-16,6.860421712931149,5.934441766097769
USA-003585,CUST-0296,2023-08-03,8.56176013901003,3.314310773796371
USA-002413,CUST-0200,2023-06-20,5.388316256598038,3.56978623295406
USA-001577,CUST-0136,2023-10-21,3.0287741421108487,3.8123147080262045
USA-002758,CUST-0228,2023-11-14,3.3198032184996116,4.653995050741991
USA-001298,CUST-0110,2023-09-08,11.400573152560685,6.082697705679055
USA-004709,CUST-0392,2023-07-08,5.379156597818799,4.623247383331311
USA-001749,CUST-0148,2023-08-20,6.307322864539589,3.779037810560406
USA-002654,CUST-0220,2023-06-07,5.642688207086005,5.1260573357900805
USA-003330,CUST-0274,2023-07-19,9.665302795495649,4.945918517586413
USA-002330,CUST-0194,2023-09-19,1.5817149380680293,5.94951106525984
USA-004114,CUST-0340,2023-07-26,4.5984713212085495,3.6794876161084673
USA-004440,CUST-0368,2024-02-24,7.778621382247143,5.037473912876723
USA-002395,CUST-0198,2024-04-13,6.698194106261055,5.3907187561588215
USA-004564,CUST-0381,2023-10-06,11.059297544968498,6.921076293351405
USA-000464,CUST-0037,2024-02-16,2.034824738119302,1.2256200073158088
USA-000239,CUST-0020,2024-05-29,3.1943750396986483,4.658635885098395
USA-001472,CUST-0126,2024-06-17,0.0,3.199342092167681
USA-000433,CUST-0036,2024-04-06,5.431466457597097,5.132389500056111
USA-002356,CUST-0195,2023-11-15,6.913234038378525,4.7850570367559895
USA-000331,CUST-0027,2024-05-11,5.021113824203926,6.174299056695275
USA-000596,CUST-0047,2023-07-12,3.6045000631439286,4.143285438510158
USA-002223,CUST-0185,2023-12-26,6.398502650738006,5.185645732753718
USA-003163,CUST-0262,2023-10-13,1.2617937748044465,2.6929569688588817
USA-001769,CUST-0150,2023-10-25,1.5690246428302972,2.2063946165210906
USA-004238,CUST-0349,2023-08-23,6.451971649964388,4.279142141679141
USA-000623,CUST-0050,2023-08-19,5.718264248082454,6.686025832711588
USA-002658,CUST-0221,2024-05-24,8.352996188982125,5.835212050997388
USA-001408,CUST-0119,2024-03-09,8.137973733054645,4.374144990771186
USA-000553,CUST-0045,2023-06-27,6.424726505793455,4.727219546748233
USA-003634,CUST-0300,2023-07-20,5.9620048316127985,5.521982130226284
USA-001924,CUST-0161,2024-04-13,9.475270042668525,7.15367854233725
USA-003422,CUST-0283,2023-11-22,10.490911988764745,7.14670976977876
USA-003430,CUST-0283,2024-03-29,7.563208849420011,6.659628795874515
USA-002534,CUST-0209,2023-08-18,4.963834998326462,2.067137845118708
USA-000928,CUST-0078,2023-09-27,4.554016663251345,3.0709531338478815
USA-003752,CUST-0310,2024-04-02,6.871160610907179,7.048472212210729
USA-000642,CUST-0051,2024-03-03,0.0,2.6310009151687774
USA-001125,CUST-0096,2023-06-27,8.500948823576483,6.387240636324259
USA-003697,CUST-0305,2023-10-26,0.973322433173784,3.874726293519149
USA-001956,CUST-0164,2023-08-19,6.506243515798395,4.3920899475546715
USA-002444,CUST-0202,2023-07-20,9.707408770037121,5.008794182790705
USA-003447,CUST-0284,2024-01-17,3.118607680639093,1.8380940592524457
USA-004159,CUST-0343,2023-08-11,8.923842407386234,6.393259345937757
USA-002646,CUST-0219,2024-01-24,7.1889809558349596,5.617167647260704
USA-000273,CUST-0022,2023-10-13,5.5555071195198735,4.6744791896935
USA-003925,CUST-0323,2024-03-07,0.0,2.3756676338305356
USA-000723,CUST-0058,2024-03-10,5.243852172958002,4.518942834833938
USA-001836,CUST-0154,2023-08-14,6.780950700401183,5.258224899696467
USA-002537,CUST-0210,2023-08-02,2.4891488316825963,3.6787949771320867
USA-000070,CUST-0006,2024-06-11,5.653064596882088,4.843942509034071
USA-004236,CUST-0349,2024-06-29,2.9990762408173484,5.027088026133041
USA-003074,CUST-0255,2023-08-10,1.9380054791261099,5.134581278615616
USA-004343,CUST-0359,2023-06-28,5.6506935372610645,5.671867327428789
USA-004142,CUST-0342,2023-09-06,9.486930914266287,4.157988563270785
USA-004510,CUST-0375,2024-01-08,8.433365580642285,5.735922629069251
USA-004542,CUST-0379,2023-08-07,0.0,2.6363990022912818
USA-001119,CUST-0096,2024-01-09,7.441514409779895,6.440918784448055
USA-002211,CUST-0184,2024-04-23,9.911724351189282,6.818875989800557
USA-002046,CUST-0171,2024-06-28,7.340809079683505,5.652937436058449
USA-002595,CUST-0215,2024-06-02,5.331830331796014,5.723921588316846
USA-001526,CUST-0132,2024-03-14,0.0,4.022687519360019
USA-003070,CUST-0254,2023-09-02,3.3821094722888927,3.979831421999089
USA-002106,CUST-0176,2024-02-19,8.426762970481875,6.332781896324325
USA-003053,CUST-0253,2024-05-04,7.337765297435352,4.287163767415737
USA-004059,CUST-0335,2024-01-20,5.7658969116410965,5.7695465239498125
USA-001538,CUST-0133,2023-10-22,12.585393029920585,8.287929122028643
USA-003462,CUST-0286,2023-11-22,4.916494030097804,4.427091010853714
USA-003566,CUST-0294,2023-07-11,6.459931707746163,4.577364145673467
USA-003809,CUST-0314,2023-12-25,14.970391149719154,9.646487784116166
USA-001533,CUST-0132,2024-01-09,1.0390791409683455,3.4304685928434395
USA-000396,CUST-0032,2023-11-11,5.348180708760984,3.3316342399807737
USA-002812,CUST-0233,2024-05-21,7.57931030027469,6.644426893075185
USA-004359,CUST-0360,2024-04-07,7.388980078639893,5.80430300084726
USA-004491,CUST-0374,2024-01-27,6.970339116483759,4.372944373625522
USA-002177,CUST-0182,2023-07-23,3.8648280725285,3.699268842935876
USA-002807,CUST-0232,2023-10-03,6.950052921475512,5.813753423760464
USA-001518,CUST-0131,2024-06-26,4.500427091150261,0.9371482153883948
USA-003236,CUST-0267,2023-07-23,0.1825150411741483,2.2822617074845204
USA-003369,CUST-0278,2023-12-14,7.632253519272883,5.865723672909946
USA-004530,CUST-0378,2023-11-16,1.3654200684884046,4.294066335901396
USA-001113,CUST-0095,2024-06-19,5.8258026525941995,3.3429245881177936
USA-004380,CUST-0362,2023-11-13,4.446756046382233,5.082430355201965
USA-003089,CUST-0256,2024-03-29,3.0911394536698698,2.9375169792679365
USA-004492,CUST-0374,2024-04-01,3.2049125161732213,3.4599919761312035
USA-002889,CUST-0240,2023-10-09,5.580031470566466,4.084111799958053
USA-000112,CUST-0011,2023-08-02,6.078745767399814,5.2138536282623615
USA-001059,CUST-0091,2023-12-28,4.141980871183959,6.595649639003774
USA-004426,CUST-0366,2024-03-22,6.100733456245832,3.8089927087406434
USA-003342,CUST-0276,2024-04-14,6.822378940488879,4.305611454605743
USA-004677,CUST-0389,2023-07-11,7.525792849101841,6.394874317044359
USA-000333,CUST-0027,2023-10-10,7.610018995893436,7.150235707039918
USA-002110,CUST-0177,2023-10-03,6.900504674664036,4.6205949008248925
USA-004046,CUST-0334,2024-03-10,8.907062618240303,6.340679064764041
USA-002998,CUST-0249,2024-04-10,4.052890095219288,3.7606746134190994
USA-000828,CUST-0068,2023-06-15,3.1372459783339592,5.500418391445392
USA-002900,CUST-0241,2024-01-27,7.496793740182289,8.118024319752857
USA-003409,CUST-0281,2024-02-18,4.293559784408709,5.744387493916446
USA-000103,CUST-0010,2024-06-26,2.1854040736505937,2.3018861292799855
USA-003916,CUST-0322,2023-06-21,8.995385163435028,6.410597176654038
USA-001886,CUST-0158,2024-04-14,4.114650925180754,4.074374822006655
USA-000909,CUST-0077,2023-12-07,9.863589948852855,4.470781777552597
USA-000971,CUST-0082,2024-01-23,5.506575438208882,6.086242823324374
USA-003525,CUST-0291,2023-11-29,6.09980367288556,6.51518635164639
USA-001666,CUST-0143,2024-06-24,8.145058762399232,7.4341940021856265
USA-002547,CUST-0210,2023-06-26,2.9566516530729428,4.016989299353891
USA-002056,CUST-0172,2023-11-14,7.543052204642524,5.556928249041362
USA-004248,CUST-0350,2023-11-05,5.88646957622975,3.8208449674598426
USA-001824,CUST-0153,2023-09-21,8.200694453443392,6.554421074554851
USA-000262,CUST-0021,2024-06-10,4.978352991002325,4.371307267371311
USA-003003,CUST-0250,2023-11-01,5.01226745864601,4.765920471981789
USA-002846,CUST-0236,2023-06-12,4.859908560955204,3.771402117430076
USA-003599,CUST-0298,2023-07-29,0.6431303609763563,2.05083742824078
USA-002250,CUST-0187,2024-06-24,13.491852373214906,6.848465800031501
USA-001517,CUST-0131,2023-12-18,4.2751678484295,2.3181771595672354
USA-002103,CUST-0176,2024-03-14,8.483610106052605,6.1728574447886615
USA-002501,CUST-0207,2023-11-27,9.537084830784273,5.991577779962605
USA-002496,CUST-0207,2024-02-08,5.550517727383517,5.9735036502657906
USA-003071,CUST-0254,2024-05-16,0.055085812296598924,3.0917639004534543
USA-000702,CUST-0057,2024-06-17,4.174191021042825,6.007109903613085
USA-000613,CUST-0049,2023-06-07,0.6645058566200741,5.135278139061395
USA-000701,CUST-0057,2023-08-02,8.287069809678684,4.789395021900451
USA-003911,CUST-0322,2024-03-28,7.671184501152602,6.143938404584945
USA-003926,CUST-0323,2024-04-24,0.0,4.250970868188469
USA-004406,CUST-0364,2024-04-18,7.2674850048217134,6.178219375246762
USA-000779,CUST-0063,2024-05-04,8.264945601697773,5.85433711530092
USA-003041,CUST-0252,2024-01-21,9.73737348650588,4.480388484995422
USA-002747,CUST-0227,2023-09-05,2.347170965563791,2.1457015948108644
USA-003521,CUST-0291,2023-11-17,-8.640977740482388,3.4466775298430226
USA-000457,CUST-0037,2023-08-11,1.0387232543647202,1.3697217248513334
USA-004577,CUST-0382,2023-12-18,12.896229777387415,6.207715297998777
USA-001994,CUST-0168,2023-06-20,7.1388150448400935,4.997993908307538
USA-000310,CUST-0025,2023-10-06,4.514141481473899,4.493914571817488
USA-003518,CUST-0290,2023-10-30,6.93617251835647,4.756252602413387
USA-002439,CUST-0201,2023-07-30,0.7283017474620475,3.659905710109826
USA-002460,CUST-0203,2023-07-17,2.36904454716275,2.066246986905933
USA-002104,CUST-0176,2023-07-28,3.9985653749293766,5.794437357005237
USA-000676,CUST-0055,2023-08-02,6.6640611446624405,5.432210674279663
USA-002689,CUST-0223,2023-06-07,2.0875587265977957,3.1687315707871937
USA-004395,CUST-0363,2023-11-14,7.744880668090662,4.068121862858725
USA-000534,CUST-0043,2023-12-14,7.349706282326761,5.561031237707467
USA-002352,CUST-0195,2023-12-09,3.233498146913221,4.757777834984432
USA-001655,CUST-0142,2023-09-22,6.530459638103103,5.6367829412600114
USA-002424,CUST-0201,2024-04-19,2.238350594180575,2.3495272092589907
USA-003780,CUST-0312,2024-03-19,11.149896600306775,6.646896903204192
USA-003852,CUST-0318,2023-06-04,3.1380380263319485,4.739536864972236
USA-001957,CUST-0164,2023-08-17,6.012002639794631,4.697468535409842
USA-000558,CUST-0045,2023-09-10,4.982584804282579,3.83496863602362
USA-000713,CUST-0058,2024-01-24,6.610279853170255,4.93212677224608
USA-004493,CUST-0374,2023-11-05,3.743414937108796,2.385199738331745
USA-002719,CUST-0225,2024-04-20,5.704717627035432,4.203285444733929
USA-003909,CUST-0322,2024-01-29,8.945354750624627,7.185549265398944
USA-004031,CUST-0332,2024-04-29,1.8306025386632334,2.0827191588347276
USA-002075,CUST-0173,2023-08-13,2.4786649461521955,4.08118431957621
USA-003972,CUST-0327,2024-01-07,2.27916378300234,3.5254990024675212
USA-002582,CUST-0213,2023-06-19,4.744595463325647,2.9088898586488985
USA-000488,CUST-0039,2023-10-16,9.82468661192704,7.1328048602149545
USA-000903,CUST-0076,2023-07-20,2.8163048381583815,3.8270796622895715
USA-002639,CUST-0219,2023-11-18,8.006040948135885,5.207847452028467
USA-004144,CUST-0342,2023-06-25,6.949942346121295,7.5755867347099315
USA-000649,CUST-0052,2024-02-25,3.639968248386058,6.178473491278449
USA-000798,CUST-0064,2024-06-06,1.4544179424157084,3.7493561409600518
USA-000023,CUST-0002,2024-01-16,5.359262555727442,4.0767485346198935
USA-002367,CUST-0196,2023-10-30,11.325871657536569,3.776774962090579
USA-004312,CUST-0355,2024-01-16,4.549341302849036,4.006380146946093
USA-000011,CUST-0001,2024-04-03,9.19607159128002,4.623514273973527
USA-001297,CUST-0110,2023-09-14,7.604016281577402,6.2058835249295035
USA-000611,CUST-0049,2023-11-11,2.9601493857928918,2.2739322453515514
USA-002932,CUST-0243,2023-10-09,4.86181765965305,5.553823595953094
USA-002856,CUST-0237,2023-10-19,10.758171242354912,5.440035196418014
USA-000098,CUST-0009,2024-01-10,3.2545137235618355,4.666070672651385
USA-001349,CUST-0114,2023-10-21,1.6914986935321665,4.854938187001494
USA-001200,CUST-0103,2024-01-20,9.239854394341968,4.966781533833055
USA-000367,CUST-0030,2023-07-07,9.863405045289237,5.070507841653029
USA-004286,CUST-0353,2024-05-03,6.552736712238258,5.398901164532511
USA-000155,CUST-0014,2024-04-23,6.708826919626331,4.6012306189138235
USA-001641,CUST-0141,2023-09-02,8.341736876756704,5.399713994054258
USA-000484,CUST-0039,2023-11-01,9.49338434633951,6.438500716461612
USA-002448,CUST-0202,2023-07-31,9.311213253767079,4.126767282644874
USA-003328,CUST-0274,2023-12-23,6.860367185921883,3.727038366106612
USA-000741,CUST-0060,2023-11-05,4.991258203408085,4.409904818462956
USA-003218,CUST-0266,2023-07-06,7.047399429046854,7.625094636711107
USA-001987,CUST-0167,2024-05-19,9.395869087680577,6.340881960389893
USA-002401,CUST-0199,2024-05-21,6.278291174875007,3.565471366471475
USA-004304,CUST-0355,2024-06-24,6.035404320131686,3.492989184539798
USA-001364,CUST-0116,2024-05-08,3.6826479025647525,5.5302442878396985
USA-002613,CUST-0216,2023-07-26,9.988610783204283,7.373337779071477
USA-002234,CUST-0186,2023-09-26,6.258115235207356,5.611559043608427
USA-001285,CUST-0109,2023-09-16,3.5880341819229864,4.4181366787279615
USA-004106,CUST-0339,2024-01-23,8.989510264471294,8.225614116702324
USA-002809,CUST-0232,2024-06-20,6.90407909938008,5.733415630190654
USA-000304,CUST-0024,2023-07-23,1.061550348440867,2.9062018330314854
USA-000547,CUST-0044,2024-05-28,7.672296357278986,5.677498487276561
USA-002922,CUST-0242,2024-01-25,0.45559872565321435,1.7197818653237646
USA-002051,CUST-0172,2023-09-14,7.967522949018407,6.715406243742575
USA-002642,CUST-0219,2023-06-23,5.864167019916283,4.804815934030306
USA-002864,CUST-0238,2024-04-30,0.6923334424077137,5.017285811957964
USA-003515,CUST-0290,2024-04-14,7.607797390633233,5.211394142302789
USA-001462,CUST-0125,2023-10-27,6.012955164466682,5.604717363489491
USA-000655,CUST-0052,2023-08-31,7.328608062132889,5.502472578973019
USA-003133,CUST-0260,2023-11-24,11.0034086547625,8.605883997364645
USA-002878,CUST-0239,2024-04-20,4.091148856376746,3.8151917727448668
USA-000877,CUST-0073,2024-01-09,11.2554948294795,7.857360508942105
USA-003522,CUST-0291,2024-01-05,9.219598915116016,6.530543794737799
USA-000595,CUST-0047,2024-05-10,6.333147421669692,5.568030572662176
USA-003018,CUST-0251,2023-08-30,7.884904314889898,4.023753300945902
USA-003290,CUST-0271,2024-01-28,4.7799187614750664,5.265429606774281
USA-002955,CUST-0246,2024-03-08,4.01432583968604,3.6373419074925675
USA-002950,CUST-0246,2024-04-18,4.886538121993109,2.312641488151136
USA-001365,CUST-0116,2024-06-13,7.166624343058378,5.483459721345619
USA-001602,CUST-0138,2024-02-05,9.608453582148787,7.282070197970194
USA-000438,CUST-0036,2024-01-22,7.21101512805463,6.215917968702239
USA-001486,CUST-0129,2023-08-22,1.7403311291514911,3.0144722008437483
USA-003098,CUST-0257,2023-12-17,10.8703348168676,7.637603367092024
USA-003037,CUST-0252,2023-08-07,10.195032672309388,5.450824082798659
USA-004120,CUST-0340,2023-06-15,4.584092588920786,4.88935271861468
USA-002091,CUST-0174,2024-02-28,0.9607926382067538,2.4504762786895666
USA-002061,CUST-0173,2024-02-11,4.821597210630391,4.63523458163226
USA-004177,CUST-0345,2023-06-11,5.816901669455706,6.094957460404586
USA-004663,CUST-0388,2023-07-18,6.974364201020219,5.99001649679342
USA-000592,CUST-0047,2023-09-02,3.3389443868029414,5.735154724456113
USA-000220,CUST-0019,2023-10-22,6.59145630154197,3.9986108382378527
USA-004628,CUST-0386,2024-05-22,5.01924011769985,5.839228257842093
USA-002328,CUST-0194,2023-11-09,3.5898966068210068,2.7236619770966097
USA-000336,CUST-0028,2023-12-05,7.58949637058705,7.602866252661626
USA-001599,CUST-0138,2023-10-05,5.051546549565638,6.493784166340593
USA-001428,CUST-0121,2023-12-13,12.970666081249899,6.203168775404857
USA-000307,CUST-0025,2023-10-16,5.055484997490142,2.937924790888953
USA-002545,CUST-0210,2023-11-03,3.9481708511020006,3.3974877953963487
USA-002585,CUST-0213,2023-09-29,3.3402630539951383,4.62866442172365
USA-003661,CUST-0302,2024-06-10,6.688703042865324,2.8494679224155774
USA-002320,CUST-0193,2024-04-20,9.900389827881632,6.723080912267333
USA-003578,CUST-0295,2023-08-30,3.87386923065834,3.733148822996863
USA-001906,CUST-0160,2024-02-20,3.9848858572945813,5.052138182853115
USA-003841,CUST-0317,2023-09-26,6.731653658790193,3.745074161411132
USA-001367,CUST-0116,2024-01-31,3.9341451189702217,6.428391772936176
USA-000108,CUST-0010,2024-04-27,3.6370891214960235,5.037398004281549
USA-001582,CUST-0136,2023-06-09,3.4177987450940788,4.494885577529322
USA-003388,CUST-0279,2023-09-16,4.990257761959121,5.100367560412575
USA-000950,CUST-0080,2023-06-03,3.711307343233205,3.8772462916256254
USA-004160,CUST-0343,2024-05-15,8.333818294200674,4.607013046089266
USA-002064,CUST-0173,2023-09-06,5.412369616628519,4.605057728983822
USA-001936,CUST-0162,2024-01-20,6.836406361231426,4.788614509464677
USA-001378,CUST-0117,2023-12-21,4.777086325088337,4.105917439992915
USA-003648,CUST-0301,2024-06-03,9.137263070990839,6.57064172977794
USA-001504,CUST-0130,2023-11-03,0.6987399845694713,2.9772218029977324
USA-001255,CUST-0107,2023-07-31,11.924514043608369,5.646553979172367
USA-004712,CUST-0392,2024-01-19,4.99942061561764,5.473078924700701
USA-004350,CUST-0359,2023-08-15,5.1840570494322815,7.19346318694487
USA-000294,CUST-0024,2024-04-08,0.8043823579119396,2.761876608929756
USA-003097,CUST-0256,2023-11-19,3.5504495837748755,4.946460135912276
USA-001898,CUST-0159,2023-12-17,4.2652860418890235,6.275625199135556
USA-004334,CUST-0358,2023-08-19,2.311797328300245,6.125565104135418
USA-000410,CUST-0033,2024-06-07,10.095997734332459,4.497202824245619
USA-002731,CUST-0226,2023-09-06,7.352926507050708,6.2751674292180395
USA-000793,CUST-0064,2024-03-08,5.922055860364992,4.24747704587904
USA-001669,CUST-0143,2023-10-03,10.0174623004188,5.867147495930821
USA-004652,CUST-0388,2023-08-05,2.379821017369038,6.336162891833104
USA-000387,CUST-0031,2023-07-05,4.252357174559036,3.9420144494115616
USA-004488,CUST-0373,2024-04-28,4.037338681419901,5.666420003497436
USA-001501,CUST-0130,2023-09-16,2.769740820206737,0.3269453215848346
USA-003492,CUST-0287,2023-06-11,9.40383144364569,5.355537784939304
USA-002023,CUST-0170,2024-06-20,6.154145469864741,5.437393285174579
USA-000885,CUST-0074,2023-06-12,4.747416625973193,4.5835871976278995
USA-002975,CUST-0248,2024-04-09,3.793477561016583,4.552195082728525
USA-001984,CUST-0167,2024-03-29,8.982825172355108,7.1066256795250755
USA-004170,CUST-0344,2024-01-23,3.888207422844052,5.352406787213338
USA-002736,CUST-0226,2023-08-07,8.224048189176244,5.6600332145746055
USA-001084,CUST-0093,2023-07-23,2.731024350076594,2.6801812525860242
USA-001969,CUST-0165,2024-02-20,6.623607924005307,4.72516486606403
USA-001881,CUST-0157,2023-11-14,4.5988133159966305,4.393898668436273
USA-000080,CUST-0007,2023-06-27,6.733240999641713,4.653210612205342
USA-003259,CUST-0268,2024-01-03,8.121683192921614,6.473985263884184
USA-001246,CUST-0106,2024-03-04,13.479677730338913,7.136580247760459
USA-000505,CUST-0041,2023-10-02,2.870432843267566,5.326254100842765
USA-000263,CUST-0022,2023-12-28,6.692009719695679,5.495417949641754
USA-003220,CUST-0266,2023-06-05,6.318716331348406,3.9959429350935727
USA-001190,CUST-0102,2024-02-22,6.900698305836534,7.056143322291144
USA-004069,CUST-0336,2024-06-11,5.221663892682194,4.2462667199441855
USA-001671,CUST-0143,2023-09-10,10.483122261851847,7.444254940132538
USA-001917,CUST-0160,2024-06-22,2.348383035717032,6.0264857688184925
USA-000455,CUST-0037,2024-03-17,0.0,4.174962414836974
USA-000482,CUST-0039,2024-04-26,10.048410246991462,5.865471549533389
USA-000982,CUST-0084,2023-11-14,8.343105390923093,5.728063974529278
USA-000657,CUST-0052,2024-04-24,8.036924741393182,4.788884732129387
USA-000462,CUST-0037,2023-10-01,1.1950048633086041,1.8983236858312924
USA-001628,CUST-0140,2023-07-15,5.38412471769359,2.982603575778782
USA-004640,CUST-0387,2024-01-18,-7.317318696963256,6.56399986153961
USA-003294,CUST-0271,2024-01-15,4.262318653206001,5.745394360519957
USA-004068,CUST-0336,2023-08-30,5.150562155272766,3.14845618053722
USA-003755,CUST-0310,2024-05-15,8.055142307756439,6.113207073474229
USA-000127,CUST-0012,2023-09-14,4.173402732619019,5.697430062179711
USA-004108,CUST-0340,2023-07-24,6.611873691091668,5.151831676056505
USA-002257,CUST-0188,2024-06-30,10.96831837334933,7.789133893821889
USA-001031,CUST-0088,2024-05-31,2.939249049119578,3.282101409652601
USA-000212,CUST-0018,2023-08-24,2.4838119975940054,4.645444061453709
USA-004572,CUST-0382,2024-01-31,12.268459908280908,6.742750600012537
USA-000745,CUST-0060,2024-04-01,9.40315968673239,4.478172731373301
USA-002681,CUST-0222,2023-10-15,4.343947295412565,4.277550890511284
USA-002205,CUST-0184,2024-06-08,10.929540935105225,6.88366134212303
USA-001764,CUST-0150,2024-05-16,1.8383685448242355,2.9173025294105446
USA-003892,CUST-0321,2023-11-29,8.094719506409982,7.184041253495518
USA-000886,CUST-0074,2024-06-01,5.045268324846713,5.6400938986360725
USA-003829,CUST-0316,2024-03-06,6.981344954735169,6.752512144549758
USA-004582,CUST-0383,2023-06-19,13.132960053197406,6.388258165697407
USA-002599,CUST-0215,2024-03-24,6.879425305262973,3.9175776524327466
USA-001692,CUST-0144,2024-01-04,7.559442910419346,5.488671900363004
USA-000270,CUST-0022,2024-04-06,7.009258970636943,5.625338142493958
USA-001213,CUST-0104,2024-06-27,4.569101673801433,4.8649540804503
USA-002974,CUST-0248,2023-09-23,1.7004623970997965,4.857135573260424
USA-002142,CUST-0179,2023-11-04,3.5855988555769556,4.329754584362698
USA-003176,CUST-0263,2024-05-19,1.9216376813751754,3.9365501125620987
USA-000725,CUST-0058,2023-07-10,7.4245514977162514,4.280776579227093
USA-001461,CUST-0125,2023-08-06,5.237316692711411,2.931084614003429
USA-003165,CUST-0262,2023-08-17,3.8026000876894006,2.6527499871150466
USA-001038,CUST-0089,2024-01-01,9.632279500091032,4.682828823404366
USA-000386,CUST-0031,2024-03-03,6.107937262911582,7.251985072575924
USA-002218,CUST-0185,2024-03-03,5.461298292687907,2.920801983702738
USA-003880,CUST-0320,2024-06-13,3.587452646248543,3.7868296995441053
USA-002151,CUST-0180,2024-05-03,9.145467127195035,7.243986596101856
USA-003715,CUST-0307,2023-10-14,3.1649038887119656,1.7171270204050542
USA-003866,CUST-0319,2023-09-27,3.0088311566969477,5.583701566480649
USA-000896,CUST-0075,2024-01-10,6.770718598275497,5.9867994558710445
USA-001788,CUST-0151,2023-09-18,2.4415908369123933,2.946502691071472
USA-002240,CUST-0186,2023-08-07,3.61897569562187,5.663366407696165
USA-002468,CUST-0204,2023-07-22,1.5419574492405301,4.585818284795478
USA-000951,CUST-0081,2024-01-09,5.007313211122781,7.582079017070704
USA-002675,CUST-0222,2024-01-21,3.2311730521773168,4.293112472028543
USA-004024,CUST-0331,2023-07-11,6.53232970099141,5.8906200019133514
USA-001359,CUST-0115,2023-06-10,9.198289816254904,7.182408310348971
USA-000850,CUST-0070,2023-10-21,7.8549690261125225,5.652293795143182
USA-003728,CUST-0308,2023-10-03,6.515157733399475,4.8475435658665305
USA-003191,CUST-0264,2023-12-02,10.975985857449333,6.063232445806883
USA-000926,CUST-0078,2024-02-29,4.787754988377991,5.680644096661169
USA-002805,CUST-0232,2023-06-27,8.522097750513213,5.512729964318797
USA-002695,CUST-0223,2024-06-12,2.5331839291955727,3.024135671992348
USA-003677,CUST-0303,2023-08-16,6.0926024221896675,4.9693917688276175
USA-003798,CUST-0314,2024-06-23,16.923647482327407,7.554987049347662
USA-001133,CUST-0097,2023-06-08,6.212682534043253,3.2996472183103487
USA-004515,CUST-0376,2023-06-26,3.2610764695347765,5.553859892854935
USA-001130,CUST-0097,2023-08-22,4.324642847582116,4.552934978520609
USA-003084,CUST-0255,2024-04-18,5.159689689315163,5.822277570640928
USA-000682,CUST-0055,2023-12-23,6.7247459132529315,5.610834043026097
USA-002838,CUST-0235,2023-07-17,6.174804100561545,5.521685388299184
USA-004555,CUST-0380,2023-10-23,5.890843899221718,5.634443712232152
USA-003976,CUST-0328,2024-01-14,1.56791885902669,4.90334057515914
USA-000365,CUST-0030,2024-02-20,6.561619206856856,6.639002576317276
USA-004035,CUST-0333,2024-05-02,5.133769286154374,4.667322768211635
USA-002421,CUST-0200,2023-09-14,3.6376308113603057,3.743297818054809
USA-003594,CUST-0297,2024-05-07,7.738310107868214,3.361097828977881
USA-001790,CUST-0151,2023-09-26,4.1933516433591205,3.7883878471195733
USA-004270,CUST-0351,2024-04-24,11.03323357542476,5.564151593273605
USA-002685,CUST-0222,2024-02-26,3.6115235174911526,5.687820527757493
USA-001382,CUST-0117,2024-01-31,4.586515597895541,2.7267534526980657
USA-003807,CUST-0314,2024-05-04,13.479596733903048,6.607911920440587
USA-002322,CUST-0193,2023-10-13,7.549494163508241,6.3449650996293085
USA-004389,CUST-0363,2024-03-26,11.191929592373327,5.947621944359016
USA-003207,CUST-0265,2024-02-12,6.216966848092007,4.802662629937089
USA-004100,CUST-0339,2023-12-01,9.24009947650742,6.836354371326291
USA-001050,CUST-0090,2024-01-23,10.679433446815928,6.251670945349889
USA-001815,CUST-0153,2024-04-25,9.01236015969252,6.236230825977084
USA-001476,CUST-0127,2024-05-01,6.621078476947683,3.221243132440373
USA-000029,CUST-0003,2023-10-10,4.671524479136805,4.730849370565532
USA-000806,CUST-0065,2023-08-04,5.812524138083345,3.0366247988203536
USA-000962,CUST-0082,2024-01-24,7.166664473880048,4.146125709839474
USA-003474,CUST-0286,2023-06-27,6.7003486269291255,6.39977818387657
USA-001745,CUST-0148,2023-11-08,2.7682444568457543,6.624236662467835
USA-002164,CUST-0181,2024-03-17,8.295195312323628,6.8527730520858405
USA-002235,CUST-0186,2024-06-04,3.9795586872039235,5.400650738964359
USA-003026,CUST-0251,2023-12-06,9.177587819737964,6.647339550531336
USA-001997,CUST-0168,2024-02-11,4.331655678931942,2.986676973893138
USA-000183,CUST-0016,2023-06-24,9.401865844052367,6.784664473670323
USA-003643,CUST-0301,2024-04-15,12.095052628737678,5.592067947551541
USA-003848,CUST-0318,2023-09-08,2.874143447550692,3.5944227659763754
USA-001352,CUST-0115,2024-02-29,8.25766801231281,8.53060406325423
USA-002631,CUST-0218,2024-05-06,5.26021851203642,5.417448051866403
USA-002253,CUST-0187,2023-06-01,10.610368999750525,7.153516639988805
USA-004297,CUST-0354,2024-03-20,8.22921577112657,7.854650032024731
USA-001766,CUST-0150,2023-07-05,4.381711728393599,1.8162205861825393
USA-001990,CUST-0167,2023-10-02,8.275767488085464,7.898810238628286
USA-002362,CUST-0196,2023-11-07,6.252036337997311,5.969925881314362
USA-000518,CUST-0042,2024-01-16,0.9826530389952967,3.0157968516233793
USA-003346,CUST-0276,2023-09-02,5.903464601052123,5.307621186095883
USA-001706,CUST-0145,2023-06-02,5.131687871700344,4.914898672000605
USA-003779,CUST-0312,2024-01-17,10.667010468171647,7.135083978181344
USA-001570,CUST-0135,2024-02-19,3.361525822407151,3.905306744370855
USA-001708,CUST-0145,2023-10-07,5.5080488876336275,3.1715923773360086
USA-004382,CUST-0362,2024-06-23,18.4101601943692,3.8319621257176117
USA-000330,CUST-0027,2023-07-05,7.856137170919373,5.464380365250801
USA-001720,CUST-0146,2023-06-17,9.34508785775094,5.4714147983216925
USA-002942,CUST-0245,2024-01-23,8.100023780102246,7.007933829414771
USA-000868,CUST-0072,2023-11-27,6.738057764133928,6.783512471066773
USA-000025,CUST-0002,2023-11-24,7.650793737012225,4.549985552290953
USA-001354,CUST-0115,2024-04-29,10.407531139944435,5.907815053394517
USA-003239,CUST-0267,2023-09-11,4.575290586536764,0.9788379476769005
USA-002775,CUST-0229,2023-09-10,7.379792896696534,7.2461091522603756
USA-001312,CUST-0111,2023-06-07,10.187577347918698,8.417128282133614
USA-000378,CUST-0030,2023-12-06,9.940822081817995,4.31073951911051
USA-000797,CUST-0064,2023-10-22,4.138063971737137,4.69095359429417
USA-004710,CUST-0392,2024-04-04,3.7049861822732906,4.644913943368639
USA-001861,CUST-0156,2023-07-21,7.392117320627382,7.5743483466082795
USA-004078,CUST-0337,2023-08-23,9.54834343344676,6.228937818027295
USA-000102,CUST-0010,2024-05-11,5.159253750269657,4.433468516304314
USA-001250,CUST-0107,2023-07-24,10.66229683364308,6.812363719553397
USA-001638,CUST-0141,2023-08-31,7.938486646046307,6.07254330841249
USA-001498,CUST-0129,2023-06-29,3.705557857630373,1.6891882262964795
USA-002845,CUST-0236,2023-06-25,3.317459937153159,3.393982226568882
USA-003573,CUST-0294,2023-12-07,7.156953531632315,6.803369265601951
USA-002690,CUST-0223,2024-01-08,2.055796503011433,4.415028888925201
USA-004037,CUST-0333,2024-04-29,4.243173122376019,3.86365168062591
USA-004220,CUST-0348,2023-11-03,2.9624766039718247,2.387121422923686
USA-002002,CUST-0168,2023-10-27,3.451966935895804,5.100772874460318
USA-003817,CUST-0315,2023-08-26,6.880583129005134,5.853506892499525
USA-001353,CUST-0115,2023-06-04,10.04040875787847,7.526859349031877
USA-000504,CUST-0041,2023-10-22,5.624793519337988,3.5729878827189143
USA-003286,CUST-0270,2023-09-23,6.323986390589374,3.781118158747952
USA-000012,CUST-0001,2023-10-12,8.022915840851775,6.807555471205168
USA-001752,CUST-0149,2024-06-23,4.077725111219857,5.342585375352064
USA-003872,CUST-0319,2023-07-14,4.816073779553067,5.181579099275232
USA-002369,CUST-0196,2024-01-03,5.010655254549519,5.635070193947785
USA-000757,CUST-0061,2023-09-11,6.824885404390773,5.8083564449123655
USA-004479,CUST-0372,2023-08-02,3.086992239672151,3.4529155164187735
USA-002981,CUST-0248,2023-06-09,3.1565349130821527,4.5572446203920745
USA-001632,CUST-0141,2024-05-13,4.880427737825634,3.475928414655043
USA-002423,CUST-0200,2023-12-19,2.9932784601723634,5.686530897169834
USA-000332,CUST-0027,2023-08-14,8.23977087702496,5.24220971399026
USA-002667,CUST-0221,2024-01-27,9.818431291169123,5.728524777135704
USA-001644,CUST-0141,2024-01-21,6.537069095472942,4.951264905628673
USA-004042,CUST-0334,2024-01-14,9.14272133288652,5.528859965556278
USA-000169,CUST-0015,2023-12-08,2.2159240076874838,2.5449394156139538
USA-004449,CUST-0368,2023-10-01,3.2334220295456015,4.897932333684796
USA-001970,CUST-0165,2024-04-14,9.136321183206084,7.821279272173767
USA-002865,CUST-0238,2023-11-17,4.145782134848055,2.425573467962769
USA-002727,CUST-0225,2023-06-09,6.7083116231982975,4.7460143065661615
USA-001848,CUST-0155,2024-04-17,9.486985695676333,2.8567821308195525
USA-002043,CUST-0171,2024-05-23,7.669607849417315,4.811960861388558
USA-002724,CUST-0225,2023-09-29,5.342798122549436,4.2115558696252355
USA-003196,CUST-0264,2023-06-26,6.946220602936336,7.351821342751964
USA-001643,CUST-0141,2024-01-04,5.184648327431476,3.614471743543369
USA-003512,CUST-0290,2023-12-02,7.796479627254246,5.498536979051912
USA-004019,CUST-0331,2024-01-10,9.631906559085515,7.173268045114227
USA-001871,CUST-0156,2024-04-02,5.161106159882727,5.870810816665797
USA-002688,CUST-0222,2024-02-19,4.579441808841126,5.06112547754309
USA-002893,CUST-0240,2023-08-25,6.320886990463131,4.755815362481952
USA-000626,CUST-0050,2023-06-29,8.612329732158308,6.661710957002028
USA-001275,CUST-0108,2023-06-12,3.848585607389063,5.608682633762996
USA-001772,CUST-0150,2023-10-14,2.0227717277484567,3.1308854176252607
USA-003749,CUST-0310,2023-09-28,10.921680197741312,6.598832095636713
USA-003613,CUST-0299,2024-05-30,4.623153095731345,3.491852907842912
USA-002289,CUST-0190,2023-11-17,10.533045355781805,4.938131408164086
USA-003048,CUST-0253,2023-11-17,9.70738673692982,2.927057859309171
USA-001608,CUST-0139,2024-01-13,8.264446174624718,5.172606862046392
USA-002237,CUST-0186,2023-07-31,2.8758070570263152,3.990147662753595
USA-004372,CUST-0362,2023-07-02,3.842651207636913,2.581344326071466
USA-003950,CUST-0326,2024-02-11,1.6744144383062747,4.730080273954602
USA-002360,CUST-0195,2024-01-27,6.11792815981062,3.6312135008110826
USA-001868,CUST-0156,2024-05-23,5.00257211482236,5.0030927919591
USA-001725,CUST-0146,2023-09-15,7.845052881137983,5.051134813348623
USA-002154,CUST-0180,2024-06-25,6.748036026644407,6.569045195968554
USA-001551,CUST-0134,2023-11-13,-6.993999369641401,7.502739273398424
USA-000203,CUST-0017,2023-06-28,9.799939846928304,6.9720141246479574
USA-000419,CUST-0034,2023-06-27,7.610721522886091,6.6072598293792035
USA-002810,CUST-0232,2024-02-25,7.074234452302219,3.3707788163485692
USA-003624,CUST-0299,2024-03-28,-12.864041159605614,4.212385788897777
USA-003618,CUST-0299,2023-10-07,3.757517431407406,3.5843988310819523
USA-002641,CUST-0219,2023-11-20,8.773654016758043,4.526545635175708
USA-000231,CUST-0019,2023-10-30,6.391437566909835,4.480775259399592
USA-001030,CUST-0088,2024-03-19,4.965537713238417,2.8799007030933765
USA-002936,CUST-0244,2024-04-21,5.850148314258545,5.309773156790186
USA-000661,CUST-0053,2023-07-06,5.153708762426465,4.839146720073573
USA-001380,CUST-0117,2023-08-08,2.5971227526676914,4.74542053827411
USA-002273,CUST-0189,2024-02-06,2.9900504250934428,2.4681498577233754
USA-003064,CUST-0254,2024-02-01,4.987625973973939,4.053766356926235
USA-000760,CUST-0061,2023-09-27,3.4060811403002784,5.3325729387356695
USA-004679,CUST-0389,2023-07-28,7.388731741765903,5.475876584994202
USA-002994,CUST-0249,2024-01-09,3.6770487274548005,3.462256835346168
USA-003770,CUST-0312,2023-07-13,13.055508499259313,6.529850733475328
USA-004235,CUST-0349,2023-06-18,2.516296883220488,5.957353166908627
USA-001417,CUST-0120,2024-06-23,10.45055268388931,6.899283261688659
USA-003397,CUST-0280,2023-11-02,9.044191816429962,2.784257966858269
USA-004680,CUST-0390,2023-07-01,9.721827373103253,7.5792945740979105
USA-001460,CUST-0125,2023-10-08,5.700164045992618,7.1805114213815475
USA-000975,CUST-0083,2023-12-05,3.343016114570744,3.6215112113706844
USA-002728,CUST-0226,2023-08-14,17.978248608551308,4.942768285423375
USA-002715,CUST-0225,2023-06-21,4.3843157783431606,5.949251659793951
USA-000444,CUST-0036,2023-07-02,5.072219160777264,5.804332644838113
USA-002961,CUST-0246,2024-02-02,3.551441515944085,4.130074378132194
USA-000640,CUST-0051,2024-01-19,0.0,0.35018804297963735
USA-003169,CUST-0262,2023-12-10,4.166725395539853,2.450396145203011
USA-001071,CUST-0092,2023-06-11,11.907442311504077,7.278457666085794
USA-003830,CUST-0316,2024-05-14,5.9888309622219555,5.271872405133986
USA-004385,CUST-0363,2023-12-14,7.048990447366137,6.039812802160738
USA-001249,CUST-0106,2023-08-20,12.436051157931434,6.52267777379701
USA-004516,CUST-0376,2023-09-20,4.544263793872663,4.203975787075994
USA-004057,CUST-0335,2023-09-03,7.061092314525819,3.4545272734799877
USA-002591,CUST-0214,2023-06-06,3.6374005194088186,3.842976369576866
USA-003386,CUST-0279,2023-08-26,8.32802127198704,4.300966678861757
USA-003227,CUST-0267,2024-01-17,3.4951635962707086,2.366843697598074
USA-003862,CUST-0319,2023-09-18,7.6807218225438625,4.497800533952396
USA-004409,CUST-0365,2024-04-20,7.097009314133132,5.769480905040173
USA-001203,CUST-0103,2024-03-19,9.100012178667852,6.824636475425018
USA-000609,CUST-0049,2023-08-21,2.8492843422537626,3.8738795406114654
USA-003144,CUST-0261,2024-02-07,9.81072809689793,8.394631076909018
USA-002286,CUST-0190,2023-10-09,6.0210898851230334,7.856261340319904
USA-004138,CUST-0342,2024-05-27,4.158903198201854,4.887150919674905
USA-001777,CUST-0150,2024-04-13,2.7982545876411566,2.810944718090735
USA-000320,CUST-0026,2024-03-28,5.390389492683586,4.625530430382402
USA-003822,CUST-0315,2024-05-15,5.909203972560294,3.9487444359365105
USA-002180,CUST-0182,2024-02-06,4.896448671869291,5.612522927252988
USA-002615,CUST-0216,2023-07-24,8.395826309096785,6.113717362285166
USA-003871,CUST-0319,2024-05-29,5.764200011413588,4.606231772243528
USA-004005,CUST-0330,2023-11-07,3.18291578949327,5.470146448533193
USA-002643,CUST-0219,2023-06-25,7.166180200165602,4.276664449769459
USA-004215,CUST-0347,2024-06-29,6.001920393806289,4.851813812479555
USA-001248,CUST-0106,2023-08-04,8.712297165178269,7.650600672425519
USA-000475,CUST-0039,2024-02-06,11.207265201355936,6.7546593875398235
USA-002484,CUST-0205,2024-05-02,7.085245904121012,4.393251133416809
USA-004627,CUST-0386,2024-01-27,8.943559086564461,7.34974177747743
USA-001154,CUST-0098,2023-11-22,9.35112792290774,6.271179010224344
USA-001362,CUST-0115,2024-04-27,6.5521050918832815,7.674875071088091
USA-001748,CUST-0148,2023-10-04,4.129324929812093,4.177927832833797
USA-000586,CUST-0047,2023-07-28,5.5267002693968905,4.814718919376783
USA-003717,CUST-0307,2023-08-13,0.0,4.784817932726866
USA-004534,CUST-0379,2023-11-30,0.0,1.230134470971795
USA-003865,CUST-0319,2024-03-31,6.474031370815446,4.801375823605653
USA-000712,CUST-0058,2024-01-04,4.6870847952994845,5.102945091722448
USA-004250,CUST-0350,2023-07-23,1.9558775216432562,3.7031459952800296
USA-001457,CUST-0125,2024-06-20,4.276816330416398,5.223280727490513
USA-000004,CUST-0001,2024-05-08,7.066217357696032,4.964606275362931
USA-004348,CUST-0359,2023-12-22,7.431975468148276,7.170068018893668
USA-003293,CUST-0271,2024-06-24,5.209747529966883,6.849167975196207
USA-002306,CUST-0192,2023-11-02,6.471495526499046,3.5789402860080766
USA-004047,CUST-0334,2023-06-11,8.05271498866781,5.8835660400178975
USA-004692,CUST-0390,2024-04-17,10.276733983499673,8.575420927436207
USA-002359,CUST-0195,2024-02-19,6.1474722292564055,5.314260393020382
USA-002567,CUST-0212,2024-03-09,4.708936701655663,4.313554405717561
USA-000312,CUST-0025,2023-09-24,6.1115683123349935,5.240300599511099
USA-001537,CUST-0132,2023-07-03,1.283370877817571,3.2071553882607304
USA-002029,CUST-0170,2024-05-05,8.750878680907425,6.151993507463449
USA-003996,CUST-0329,2024-02-26,4.676900031113901,4.670237202095938
USA-001597,CUST-0138,2023-12-11,8.976198365922382,5.899861718010569
USA-000805,CUST-0065,2023-10-15,7.33884137039942,5.284461691002424
USA-003727,CUST-0308,2023-10-09,7.191324949666445,5.250395265305961
USA-003988,CUST-0328,2024-03-02,0.3888301575092816,2.912454586158196
USA-003454,CUST-0285,2024-04-28,8.069354479652725,4.973720278365923
USA-003154,CUST-0261,2023-08-09,13.913243330911627,5.748215124031609
USA-001812,CUST-0153,2023-10-24,7.976763186376459,6.016935639835736
USA-000452,CUST-0037,2023-10-16,0.0,1.6742730910039834
USA-003535,CUST-0292,2023-08-09,7.461457400853508,7.49099571326553
USA-002313,CUST-0192,2024-04-19,6.037212598496577,4.202683079203288
USA-001765,CUST-0150,2024-03-02,2.8393091539062945,2.6326874225237713
USA-004077,CUST-0337,2024-04-18,9.82728479530773,6.082856322720619
USA-001413,CUST-0120,2024-03-04,8.256845879979508,6.357484518051451
USA-003335,CUST-0275,2023-08-12,9.415346896181138,6.334945698946053
USA-001064,CUST-0091,2024-01-30,8.036743177152967,7.020646971082302
USA-003245,CUST-0268,2023-12-15,9.51406321390679,6.6636357149832985
USA-002304,CUST-0192,2024-04-13,7.407111460857642,5.790831229304544
USA-000315,CUST-0026,2024-05-06,4.449249136243461,5.136469430224722
USA-003007,CUST-0250,2024-02-06,0.0,3.9907588707425217
USA-003119,CUST-0258,2023-12-29,6.036860550137687,6.031172756790732
USA-004074,CUST-0337,2023-11-15,9.554761540836818,5.113686792590806
USA-003132,CUST-0260,2023-12-30,12.341591854215988,6.663268566704599
USA-002146,CUST-0179,2024-02-14,5.33651162571834,4.5126672657679165
USA-002343,CUST-0194,2023-10-26,3.101378835940647,4.179649466840826
USA-002722,CUST-0225,2024-05-25,5.894059772378594,4.242129391685273
USA-002078,CUST-0174,2023-09-12,0.29022973414899633,2.969747151996561
USA-003954,CUST-0326,2023-10-17,1.2954161710185217,4.9567836304115085
USA-001864,CUST-0156,2023-11-01,6.802827020282393,6.130615236776105
USA-003513,CUST-0290,2023-10-25,8.00336177287371,6.832074322017238
USA-004682,CUST-0390,2023-11-19,10.648733033959674,6.266724179732368
USA-001144,CUST-0098,2024-04-07,9.991533240948913,7.132640826829525
USA-001225,CUST-0105,2023-11-20,9.29653394015974,8.064831384320883
USA-004399,CUST-0364,2023-06-15,9.093647683279112,4.553600926546682
USA-003693,CUST-0304,2023-12-26,5.11149834328133,4.231031915544444
USA-004156,CUST-0343,2023-12-10,10.724989295128768,7.719810182594493
USA-004276,CUST-0352,2023-08-23,9.01591892920837,5.00765150985637
USA-002979,CUST-0248,2024-02-24,5.966430521632837,3.5235152558004024
USA-004131,CUST-0341,2023-12-08,7.020948866695283,5.687611370038778
USA-004591,CUST-0383,2023-07-25,8.842811303108254,8.848401718860035
USA-000958,CUST-0081,2023-11-20,7.020158283054291,4.941313399438112
USA-001974,CUST-0166,2023-12-21,6.801566696319684,3.5316583040122413
USA-004123,CUST-0340,2024-01-25,6.412061330893795,5.777816784233336
USA-001210,CUST-0104,2023-08-12,4.159013792019025,6.225036656167433
USA-002996,CUST-0249,2024-06-16,2.3320344952059813,3.869405592051893
USA-002931,CUST-0243,2023-12-07,5.34384491419758,4.218050280663938
USA-003517,CUST-0290,2023-12-10,7.0936860447664065,5.901283710444252
USA-003740,CUST-0310,2023-11-16,8.496699872297956,5.304335545384392
USA-003792,CUST-0313,2023-09-19,8.765257894682588,5.265575747451742
USA-000852,CUST-0070,2023-12-03,8.451308753861912,5.0234977017395614
USA-003201,CUST-0264,2023-07-09,8.870754748834063,6.513675100683531
USA-001870,CUST-0156,2024-02-20,4.395145368253799,6.30135649750721
USA-001229,CUST-0105,2023-10-29,10.464711492866627,4.804837506675037
USA-000998,CUST-0085,2023-11-04,7.503494001283244,3.08958147056463
USA-000278,CUST-0023,2024-02-23,7.796418609069108,4.327693172458576
USA-001730,CUST-0147,2023-07-09,8.262967544742345,6.101528671664415
USA-002311,CUST-0192,2024-03-14,6.07519366178535,4.465340240696318
USA-000027,CUST-0003,2023-11-04,5.493475029613538,7.36626614792039
USA-000785,CUST-0064,2023-08-04,3.760788173318444,2.7434359814553586
USA-003002,CUST-0250,2023-08-28,5.319997322958031,3.072552845755375
USA-004587,CUST-0383,2023-09-15,7.998523759126617,6.512130749399454
USA-003835,CUST-0316,2023-08-04,4.696613493622536,3.987925759220997
USA-002587,CUST-0214,2023-06-07,4.719269496114214,2.861475607714582
USA-000490,CUST-0039,2024-04-20,7.796682779761463,5.336103250014344
USA-000034,CUST-0004,2023-10-20,9.194348746411507,7.239714077262917
USA-002252,CUST-0187,2024-04-12,7.535220687007844,7.125533203526878
USA-002477,CUST-0205,2024-05-15,7.279036575086096,4.7085234158046205
USA-002574,CUST-0212,2024-01-12,4.278285472685694,4.887956405460358
USA-003900,CUST-0321,2023-07-03,11.414954669997725,8.378969885294353
USA-001640,CUST-0141,2023-11-01,5.208077573054414,3.9986017062576344
USA-004254,CUST-0350,2024-01-06,5.693480092187178,2.4533914723388195
USA-002334,CUST-0194,2023-10-29,0.5891804816784201,2.751946606312589
USA-003546,CUST-0292,2023-07-09,7.889767461092883,4.412283325246808
USA-003463,CUST-0286,2023-11-14,5.3757002877574225,4.762633562097276
USA-002962,CUST-0247,2024-01-26,4.784059124928766,5.662909809324688
USA-003363,CUST-0277,2024-03-27,8.747085047554087,5.232765234186409
USA-000067,CUST-0006,2023-08-08,8.04353116910677,5.661506091711995
USA-001855,CUST-0155,2023-06-03,7.874509532514692,8.418388735511552
USA-000538,CUST-0043,2024-02-25,5.523586886808051,4.302362001404957
USA-002767,CUST-0228,2023-07-11,4.865468968868361,2.7320439173264477
USA-000607,CUST-0049,2023-11-25,4.004233926135965,3.100386217015743
USA-000288,CUST-0024,2024-01-28,0.0,3.789898777463061
USA-003839,CUST-0317,2023-12-15,3.3408356134572186,4.07827479299485
USA-003395,CUST-0280,2024-02-14,8.35202243029034,4.222102133638322
USA-002148,CUST-0179,2023-10-20,6.843988390389317,4.295928023330507
USA-001120,CUST-0096,2023-11-04,5.741525525910317,6.716012907135258
USA-001432,CUST-0122,2024-06-21,1.8144407653650958,4.240744769005235
USA-000942,CUST-0080,2023-11-14,0.744586213195582,4.1980333185904914
USA-003091,CUST-0256,2024-06-26,4.8312805632064775,3.67528851754535
USA-001402,CUST-0119,2024-03-20,7.385903957895641,6.6929362870014515
USA-002426,CUST-0201,2024-06-26,3.086235079490624,3.208624672899895
USA-003974,CUST-0327,2023-06-30,5.159445052798501,4.2478527891992846
USA-000276,CUST-0022,2024-04-29,6.678030715439233,5.483382757146971
USA-002434,CUST-0201,2023-08-20,4.59232197837215,2.5834669097226595
USA-004499,CUST-0374,2024-02-08,6.475966105933511,3.2422322720074837
USA-004194,CUST-0346,2023-07-05,7.225011566705659,6.5655145051770685
USA-002074,CUST-0173,2024-05-26,4.045555605397715,4.778320260844638
USA-003795,CUST-0314,2023-06-22,15.582533537188958,9.020926565231218
USA-002231,CUST-0186,2024-03-02,5.205798050434507,5.8841900242240035
USA-001711,CUST-0145,2024-03-18,5.237661191000361,5.238378627524494
USA-002948,CUST-0246,2023-10-23,4.674850406246097,4.734317856479519
USA-004558,CUST-0380,2023-11-04,8.14624385696283,4.710313002080784
USA-002610,CUST-0216,2023-06-15,9.341978755127903,6.452300923982623
USA-002818,CUST-0234,2024-05-26,0.0,4.049946472189736
USA-002393,CUST-0198,2023-07-07,9.484180527214,4.749563713099855
USA-002913,CUST-0242,2023-09-15,0.1471881707556748,2.5900530046287873
USA-000076,CUST-0007,2024-04-23,6.938166552333819,5.655871306697265
USA-003758,CUST-0311,2024-06-04,11.55863112263976,9.021950953377285
USA-000857,CUST-0071,2023-06-30,7.1708596523464125,8.050632726475603
USA-002133,CUST-0178,2024-03-08,10.262943777367166,7.127156144814942
USA-003339,CUST-0275,2023-08-18,7.292149552476682,5.670817687580567
USA-003403,CUST-0281,2024-06-29,3.9511545465149878,4.64371356330353
USA-000408,CUST-0033,2024-02-10,9.372237484914372,5.746129173838226
USA-000126,CUST-0012,2023-12-29,5.959529035302384,4.842782616297202
USA-000137,CUST-0013,2023-06-15,6.771267599215491,3.7138844650345946
USA-003723,CUST-0308,2024-02-18,6.277722421296414,6.902624854983271
USA-003665,CUST-0302,2023-08-25,3.4873973024135934,5.495052786467378
USA-004655,CUST-0388,2023-12-25,5.578289526134264,5.503886316350547
USA-002305,CUST-0192,2023-11-06,6.1018905128954275,6.82626528391193
USA-000088,CUST-0008,2024-05-20,7.2636163602583075,7.6511410900938275
USA-002195,CUST-0183,2024-06-24,2.5891717050150653,4.81832340580435
USA-002565,CUST-0212,2024-03-23,2.733540830756821,4.1566044840573
USA-003421,CUST-0282,2023-07-20,8.132790540850685,5.994691508252512
USA-004071,CUST-0337,2023-09-07,7.635626829235656,6.614123396303886
USA-001466,CUST-0126,2023-07-18,0.4402554483803587,3.8865420794197774
USA-003433,CUST-0283,2024-03-09,7.215859876448958,5.138633870424176
USA-004541,CUST-0379,2024-06-04,0.6070761030561387,0.6866336515884168
USA-000786,CUST-0064,2024-03-27,5.493008987403106,6.222876901900143
USA-002556,CUST-0211,2024-02-28,3.942060508941767,5.559753541823805
USA-000132,CUST-0012,2023-07-26,5.58723111496298,3.331084448580607
USA-002217,CUST-0185,2024-06-20,6.388610141902106,5.05612601662768
USA-003970,CUST-0327,2023-12-22,0.0,3.2656632381883965
USA-004699,CUST-0391,2024-06-30,6.919703882296344,5.231645455512313
USA-000803,CUST-0065,2024-03-21,3.9972268936324507,6.255136587042573
USA-003214,CUST-0265,2023-12-18,7.696835057504968,5.753148614563775
USA-000827,CUST-0068,2023-11-25,3.4707748724647085,3.984154168673043
USA-002279,CUST-0189,2023-06-14,1.1157906442273362,3.838269071125989
USA-000335,CUST-0027,2023-11-01,6.401478846989942,5.711503657982227
USA-002001,CUST-0168,2023-11-22,3.1501487900824636,5.594532062041607
USA-000910,CUST-0077,2024-02-09,10.256130206349509,6.839974858992666
USA-003301,CUST-0271,2023-10-13,5.777506650404648,5.480326219489921
USA-003142,CUST-0261,2023-06-21,11.269133280863379,8.437444657658492
USA-001482,CUST-0128,2024-04-10,7.8987996664037405,7.043303906169879
USA-001304,CUST-0110,2023-11-08,8.692514829004756,4.600815876687025
USA-003275,CUST-0270,2023-07-29,4.257793611239934,4.527305294062437
USA-000184,CUST-0016,2024-01-05,6.585185774966274,7.2332323846883275
USA-001376,CUST-0117,2024-01-21,4.118904236802438,4.747000623412022
USA-000014,CUST-0002,2023-08-15,9.332773955451682,5.275048122276941
USA-000732,CUST-0059,2024-04-23,8.250112374908914,7.550456948059537
USA-000775,CUST-0063,2023-07-15,8.39852790706535,6.491840120972443
USA-002399,CUST-0199,2024-02-22,5.524055352888742,5.161054052907403
USA-000075,CUST-0007,2024-05-01,6.777533649317598,5.094513307883773
USA-000837,CUST-0069,2024-01-19,10.213245642994748,5.737112201896086
USA-000309,CUST-0025,2023-06-27,8.266320843663902,5.840959750594663
USA-002653,CUST-0220,2023-10-04,9.160156035282819,4.385894819686137
USA-002254,CUST-0187,2023-11-03,11.411140856352306,9.483405179690685
USA-003539,CUST-0292,2024-05-19,7.08738493927469,4.849921486363638
USA-000820,CUST-0067,2024-01-15,2.2923675190050194,2.420121807710457
USA-000139,CUST-0013,2023-10-22,5.800243458419656,4.430574487867337
USA-002055,CUST-0172,2023-07-10,9.846743400558632,7.673752977348796
USA-003253,CUST-0268,2024-03-13,8.669878209447546,6.6287235541391185
USA-003361,CUST-0277,2023-07-04,3.3885863365782565,6.5164017021891425
USA-001934,CUST-0162,2023-06-26,6.052475299681225,4.074517936345723
USA-001976,CUST-0166,2024-02-11,2.7454490591992338,2.397882800290685
USA-001705,CUST-0145,2023-08-12,5.94154812033096,3.6431056273919316
USA-002524,CUST-0209,2023-10-23,3.1640619008818316,1.8243398893009835
USA-000599,CUST-0048,2024-06-03,3.9716740651544544,4.18134498196506
USA-002370,CUST-0196,2024-02-18,9.593607339647505,6.2896818294665735
USA-002738,CUST-0227,2024-05-25,2.4823201105685317,3.5971712205599977
USA-002428,CUST-0201,2024-02-15,2.9197958621112274,2.9814682840587894
USA-001334,CUST-0113,2024-03-21,9.251767281312741,6.101204717742581
USA-003188,CUST-0263,2023-07-27,2.799421161021697,2.296308209221568
USA-001572,CUST-0136,2023-08-22,6.521035099051581,5.75863946525422
USA-002911,CUST-0242,2024-04-25,3.7076976381724234,3.380348431377375
USA-002175,CUST-0181,2023-11-24,8.182403247270555,6.337023504632896
USA-001758,CUST-0149,2023-09-18,0.5395991194126646,4.508867278195332
USA-000472,CUST-0038,2024-03-24,9.436022549397045,5.915820693400067
USA-003332,CUST-0274,2024-06-25,9.283137943445993,6.408072611696688
USA-000651,CUST-0052,2023-12-14,7.576201145587668,6.454250530934502
USA-003295,CUST-0271,2023-06-07,7.10280990714677,6.950198083949089
USA-004654,CUST-0388,2024-05-28,6.618804222517458,4.550595238932637
USA-003186,CUST-0263,2024-04-07,1.7018798796779415,3.439876437356958
USA-000858,CUST-0071,2023-11-20,3.799444158291584,5.033069441654668
USA-003223,CUST-0266,2023-09-05,5.7082925239698445,4.795615365622615
USA-000823,CUST-0067,2023-12-23,4.627706432875648,4.7175024667486
USA-001440,CUST-0123,2024-01-15,7.900613893158519,5.675614982833552
USA-000459,CUST-0037,2023-07-30,1.7435367121051366,2.9170095631240978
USA-000376,CUST-0030,2023-09-11,6.932102897896776,6.9853623792700095
USA-001019,CUST-0087,2023-12-27,1.2445131670914953,2.999902051616731
USA-000314,CUST-0025,2023-11-26,7.145234404386757,5.045787653863665
USA-001236,CUST-0105,2024-01-26,8.114380407762173,5.922414459058971
USA-003341,CUST-0275,2023-11-17,10.753081988346615,8.12329868795028
USA-001786,CUST-0151,2023-09-16,3.8801726233424993,4.138538849522787
USA-004565,CUST-0381,2023-10-14,8.776343357542116,6.281657950640621
USA-000756,CUST-0061,2023-06-10,9.011568145100837,4.674330949744533
USA-003024,CUST-0251,2024-05-27,8.661374882284548,7.295910471539305
USA-001744,CUST-0148,2023-06-07,5.321856936648413,5.933882606687536
USA-002425,CUST-0201,2024-05-14,1.7335988876652695,3.978524674318979
USA-004606,CUST-0385,2023-08-30,10.326787478406535,7.266977389290802
USA-002431,CUST-0201,2023-07-19,1.7438441614473645,3.729788035432989
USA-003782,CUST-0313,2024-06-26,9.200570689696178,6.0237907235915955
USA-001173,CUST-0100,2023-06-19,6.927949137671859,4.783383727557818
USA-000235,CUST-0019,2024-06-21,3.7075097066772913,5.266772685955343
USA-001014,CUST-0087,2023-07-01,2.00000778431523,2.9603385404606533
USA-002989,CUST-0249,2023-11-06,6.770910646106605,4.8053948758519915
USA-002515,CUST-0208,2023-09-08,9.298056353877396,4.943450791260431
USA-001231,CUST-0105,2024-01-05,5.851520341321982,6.779209445371687
USA-000880,CUST-0074,2023-07-13,5.717448507277627,6.579564001947103
USA-001199,CUST-0103,2024-05-11,9.141547745696814,7.512087021365197
USA-002200,CUST-0184,2023-11-06,13.395674473304839,8.334481687846296
USA-003703,CUST-0305,2023-12-11,1.175211017105968,2.758260514650964
USA-002027,CUST-0170,2024-04-26,9.362532478976073,7.1934283037346844
USA-003942,CUST-0325,2024-04-02,4.396823489935855,3.7799537411993214
USA-001047,CUST-0090,2023-10-05,9.268649005525795,7.565130544901425
USA-003914,CUST-0322,2023-12-26,7.675813054907003,7.903774952988117
USA-004443,CUST-0368,2024-03-07,6.3602353963940095,6.094127824414147
USA-003776,CUST-0312,2023-11-04,11.831678898719854,7.5083517621669325
USA-002622,CUST-0216,2023-11-30,8.408832657860613,6.7285971156089355
USA-001361,CUST-0115,2024-03-31,8.256101098276073,7.384521679263675
USA-001010,CUST-0087,2023-08-07,0.0,2.5903184758785467
USA-001715,CUST-0146,2023-10-09,8.656946417299437,4.7704571241072715
USA-000256,CUST-0021,2023-06-07,7.444716973083621,5.92031303544459
USA-003343,CUST-0276,2024-05-12,5.880734217129817,4.935092580175363
USA-001153,CUST-0098,2023-12-30,7.859513129637312,7.526308350514614
USA-000718,CUST-0058,2023-08-16,5.721959814808573,4.545828527153252
USA-003879,CUST-0320,2024-05-03,11.509083362205127,4.5168545335451515
USA-003100,CUST-0257,2024-02-20,10.181814065844005,6.9266955114769715
USA-004550,CUST-0380,2024-01-22,5.127142930520517,5.768257237408336
USA-004027,CUST-0332,2024-01-14,3.527038760571803,5.679970046890846
USA-001959,CUST-0164,2024-04-15,5.534317796687706,4.866467060415995
USA-004218,CUST-0348,2024-02-15,4.497127073093608,1.585240625483745
USA-004596,CUST-0384,2023-12-27,0.0,1.6556276902752916
USA-001076,CUST-0092,2024-05-10,9.062292961749005,9.417005261741886
USA-000219,CUST-0019,2024-06-20,5.502422734475913,4.651465801888388
USA-004482,CUST-0373,2023-12-20,2.1412862421044774,5.4406455783309235
USA-000711,CUST-0058,2024-05-27,4.586445253559672,5.831527097814432
USA-000550,CUST-0045,2023-12-20,4.879869754292008,5.121905709632536
USA-002944,CUST-0245,2024-06-11,7.61323002425528,4.543427349730388
USA-003956,CUST-0326,2024-02-01,2.622484556497162,1.7844709415898834
USA-000042,CUST-0005,2023-10-01,5.580291384514148,2.507652913483281
USA-002886,CUST-0240,2023-11-28,8.59120493382494,4.067792359323863
USA-002348,CUST-0195,2023-07-03,8.0897719741768,4.678766860700439
USA-000357,CUST-0029,2024-04-09,3.301630512042365,5.687493072201657
USA-004509,CUST-0375,2024-06-02,8.38651542201167,4.051792312395856
USA-001948,CUST-0163,2023-12-22,11.238728726044442,6.829688019294938
USA-004258,CUST-0350,2023-09-15,4.6486967232277765,3.1837468207754824
USA-002098,CUST-0175,2023-07-04,6.111968890333099,4.638622912660066
USA-003834,CUST-0316,2023-07-30,7.0304105516167,5.530336307912071
USA-000344,CUST-0028,2023-08-03,9.51432106018036,6.666403474206862
USA-003739,CUST-0309,2024-04-01,6.465819773262348,4.941960617224106
USA-001400,CUST-0119,2023-09-30,7.725658524544636,6.3946895889001745
USA-003811,CUST-0314,2024-01-24,13.843359832823106,7.781702656364917
USA-003873,CUST-0319,2024-02-13,5.113899757173937,5.266843281572349
USA-003684,CUST-0304,2023-10-14,6.446562070629617,4.74948078919382
USA-001090,CUST-0093,2023-06-02,2.2499064253810337,3.793773669469746
USA-002779,CUST-0230,2024-01-06,8.72225440206769,5.680598062130965
USA-003979,CUST-0328,2023-09-06,0.4497483779797993,3.432815083139115
USA-003179,CUST-0263,2023-12-24,1.9826476942853888,2.7442406924575824
USA-001341,CUST-0113,2023-11-20,8.779436606039292,5.173509923989962
USA-000478,CUST-0039,2024-03-01,11.352968234192375,7.449192979958929
USA-004168,CUST-0344,2024-02-27,3.218201508594499,5.026699613124914
USA-000730,CUST-0059,2024-02-06,7.627777126023803,7.962982939230317
USA-003656,CUST-0301,2023-08-05,8.65910146041333,7.689785409999169
USA-003861,CUST-0319,2024-04-16,7.528685562530293,5.388540299679476
USA-002868,CUST-0238,2024-03-25,4.709967675443439,3.2189304719553657
USA-000972,CUST-0082,2023-07-25,7.425417315113392,5.412803450013359
USA-004289,CUST-0353,2023-10-15,7.541275225592879,6.333763445655882
USA-003732,CUST-0309,2024-01-09,10.532417668416965,4.372952642763929
USA-002058,CUST-0172,2023-10-19,8.210029435498004,7.0770994510998495
USA-000802,CUST-0065,2024-05-24,5.32974792738954,4.735094626431701
USA-001746,CUST-0148,2024-06-18,7.2462136598333515,3.55208415969839
USA-004017,CUST-0331,2024-05-19,8.774177381677424,7.169668287285575
USA-003579,CUST-0295,2023-07-30,5.491916754266462,2.151388430788139
USA-002504,CUST-0207,2023-08-16,9.406407773328759,7.088361103885616
USA-003952,CUST-0326,2023-06-20,1.244398186450413,0.913782249907994
USA-004368,CUST-0361,2023-12-16,6.318350043140616,5.368931717057155
USA-001576,CUST-0136,2023-10-12,3.0765992585014375,3.97762760944357
USA-002707,CUST-0224,2024-03-03,7.4855365862727625,4.239457775126764
USA-000834,CUST-0069,2023-11-19,10.52124911025333,6.668409704221505
USA-001846,CUST-0155,2023-10-27,8.653612219382115,6.761954799269377
USA-001729,CUST-0147,2024-02-13,7.993936440851864,4.5679424728000235
USA-000355,CUST-0029,2023-06-01,4.055451626758296,5.095093241599522
USA-001141,CUST-0098,2023-07-17,7.324821249287586,7.766226242523648
USA-004451,CUST-0369,2024-04-19,8.371500747580841,6.29925399376466
USA-001912,CUST-0160,2023-06-11,7.42354121130755,5.476271072652654
USA-002882,CUST-0239,2023-08-28,6.341385582523441,5.155710211353299
USA-003620,CUST-0299,2023-06-01,5.357889148087468,5.550877014508775
USA-004543,CUST-0379,2023-10-25,0.0,1.6374272942264003
USA-003607,CUST-0298,2024-01-12,0.0,3.195755796877087
USA-004531,CUST-0378,2023-07-12,5.410976340241826,3.4619207167790798
USA-000188,CUST-0016,2023-06-27,5.670483233514198,4.863260644960274
USA-001811,CUST-0152,2024-04-11,8.847026524624136,5.2074706777471755
USA-004125,CUST-0340,2023-12-05,5.479925113088623,4.206635210072279
USA-004439,CUST-0367,2024-02-10,4.315241413863164,4.588744912044907
USA-002649,CUST-0220,2024-05-27,8.602256700691093,5.993825686986028
USA-000218,CUST-0018,2023-10-28,5.45586181213981,5.202418031230424
USA-002381,CUST-0197,2023-07-13,8.239314604468149,8.052843355213021
USA-001496,CUST-0129,2023-12-13,5.259167869453462,4.427387885097042
USA-000323,CUST-0026,2023-07-07,4.961663597373233,5.577014287852071
USA-000445,CUST-0036,2023-10-03,23.47961608641979,5.457878771294584
USA-004474,CUST-0371,2023-12-22,1.8306217552564157,4.432132748307968
USA-002644,CUST-0219,2023-09-06,7.763265089882307,4.324377307768959
USA-003668,CUST-0302,2023-11-03,3.8385053882219404,3.882985375898255
USA-001048,CUST-0090,2024-04-03,7.400322544033731,6.082282524518635
USA-001509,CUST-0131,2024-01-06,3.0897962511865065,4.540763795835468
USA-004495,CUST-0374,2023-12-28,4.45191392641709,4.303016489091925
USA-004512,CUST-0376,2024-01-26,6.432425963300391,4.629723480774226
USA-003767,CUST-0312,2024-05-03,8.461456325160215,6.804413996012888
USA-000708,CUST-0057,2023-07-15,6.9442353630264195,3.6896359852541885
USA-003221,CUST-0266,2024-05-26,6.07226479797742,6.433371594174353
USA-000991,CUST-0085,2023-08-18,-5.466879961152877,2.9118267030033014
USA-004187,CUST-0346,2023-06-30,8.337723562299109,5.696249723176325
USA-000401,CUST-0032,2024-03-02,6.097512321027244,3.553528211235146
USA-001872,CUST-0156,2023-07-21,4.349396692600516,5.17341558249329
USA-003173,CUST-0262,2024-03-23,3.159683286712722,5.158960881859299
USA-000426,CUST-0035,2024-04-14,5.33649574859031,6.284153245053376
USA-003917,CUST-0322,2023-06-30,8.30559731754636,7.555401721911817
USA-000968,CUST-0082,2024-04-26,7.392353014202437,5.712242161757766
USA-004257,CUST-0350,2023-11-24,2.6638474507514416,3.059974940793108
USA-001839,CUST-0154,2023-11-08,5.2714736646381475,4.531426315359532
USA-004613,CUST-0385,2023-06-19,9.677293048125716,7.163969232803825
USA-001908,CUST-0160,2023-06-01,5.239315100328657,4.777542667824454
USA-003040,CUST-0252,2024-02-19,8.353311985824666,5.64156098390036
USA-003193,CUST-0264,2023-06-10,8.854460495924004,6.908127583576604
USA-001160,CUST-0099,2023-10-07,3.018199280909059,3.213041351033036
USA-004094,CUST-0338,2023-10-16,9.293077557846125,7.513993873077926
USA-004643,CUST-0387,2023-07-03,3.323840296155684,3.2133757840010504
USA-002198,CUST-0184,2023-08-26,10.606649340924466,7.787667400508353
USA-000217,CUST-0018,2024-05-07,6.219632648130501,1.8192753397603747
USA-000829,CUST-0068,2023-11-27,6.332228362722409,3.595773703808367
USA-001958,CUST-0164,2024-03-30,5.024626988504367,3.670867405704855
USA-003406,CUST-0281,2023-08-16,5.07142573886881,4.199141536073198
USA-000234,CUST-0019,2023-09-24,6.398904081415676,4.911549982254648
USA-004301,CUST-0355,2024-04-01,3.918883507801681,4.084034564643663
USA-002404,CUST-0199,2023-07-31,6.4530285495754205,5.396390902484211
USA-002031,CUST-0171,2024-01-07,8.813457476313854,6.955867647758343
USA-000251,CUST-0021,2023-06-08,5.7999888833643745,6.026441183540526
USA-001146,CUST-0098,2023-12-29,7.993461210911967,6.753842223389869
USA-003438,CUST-0284,2024-04-10,4.312406180870782,4.781355199741609
USA-003570,CUST-0294,2024-05-14,6.877374535158258,3.6522268137722187
USA-003453,CUST-0285,2023-11-25,7.2746705612277545,6.025463888404925
USA-002150,CUST-0179,2023-06-18,5.600847979692717,3.545873329535265
USA-002062,CUST-0173,2024-04-16,3.532838718750557,5.05614177044424
USA-003816,CUST-0315,2024-01-07,8.535148012156851,5.115821425125
USA-002042,CUST-0171,2024-06-03,7.269339115316079,5.2191094439628385
USA-001212,CUST-0104,2023-11-06,4.374711442737635,5.801675835866487
USA-001627,CUST-0140,2024-02-29,6.181343122726859,4.522409074479108
USA-000966,CUST-0082,2023-10-07,6.877959347000838,6.2396399770572994
USA-000728,CUST-0058,2023-09-04,9.07881554576604,4.24869531189187
USA-003806,CUST-0314,2024-02-10,13.99610024564452,6.954728591965703
USA-004080,CUST-0338,2023-11-17,8.804270264414829,7.292220020010165
USA-002521,CUST-0208,2024-03-15,7.789074376267797,5.597964605310158
USA-004377,CUST-0362,2023-11-23,6.047633635757661,5.472633858323601
USA-002684,CUST-0222,2024-01-17,5.805786090832833,5.331837128558466
USA-001652,CUST-0142,2023-06-12,9.995243460097226,4.731396289545376
USA-000679,CUST-0055,2024-02-26,5.835459997977667,4.222380695123004
USA-003675,CUST-0303,2024-04-18,6.433384120789924,4.5094705252362
USA-002570,CUST-0212,2024-02-23,5.590340916164614,3.138784777115353
USA-003711,CUST-0306,2023-08-24,7.812159739225229,5.976437170812846
USA-000168,CUST-0015,2024-05-30,3.71747305065428,2.093669705286262
USA-000956,CUST-0081,2023-06-15,7.10709146289307,5.460295511366543
USA-004683,CUST-0390,2024-04-13,8.743068688859754,6.38606403772161
USA-003180,CUST-0263,2023-06-21,2.2366152758040987,2.513587882049685
USA-000681,CUST-0055,2024-05-08,-7.310184343786035,4.875145350549087
USA-004166,CUST-0343,2023-10-26,7.444442835375957,6.3392859944079225
USA-002988,CUST-0249,2024-06-17,0.2451603607025743,3.6103346444017785
USA-002875,CUST-0239,2023-07-18,3.7043599036120325,5.767948820978152
USA-003877,CUST-0320,2023-08-04,2.2527086341498297,4.191254738582777
USA-003117,CUST-0258,2023-06-21,6.562997478055288,6.513777658094735
USA-001303,CUST-0110,2023-10-26,9.842627820893075,6.955202987995403
USA-002921,CUST-0242,2023-11-15,0.9610705329191912,1.2894098452646792
USA-000765,CUST-0062,2023-10-21,7.379934673504788,6.155691647279419
USA-001331,CUST-0112,2023-10-17,4.29444324301569,4.125004501782537
USA-002382,CUST-0197,2024-03-24,7.42014874785737,5.818791333900266
USA-001532,CUST-0132,2023-11-14,1.0800377989827408,2.9047758627165745
USA-001738,CUST-0147,2023-07-07,6.262114805743211,6.86080607496045
USA-003366,CUST-0278,2023-07-19,5.960764015363637,4.624968402955798
USA-003538,CUST-0292,2023-06-13,7.769067017646529,5.794022091863278
USA-004452,CUST-0369,2023-12-07,7.777965820291774,8.109568545752806
USA-004033,CUST-0332,2024-03-21,2.015018018213468,4.3699187777002715
USA-002255,CUST-0188,2024-06-01,8.333800783229481,9.284886281725601
USA-003195,CUST-0264,2024-02-01,8.423327471631763,7.529731826253158
USA-001070,CUST-0091,2023-10-17,8.56877892274373,5.471718275853057
USA-004485,CUST-0373,2024-04-17,3.4841171001826003,4.353134226820406
USA-002991,CUST-0249,2024-06-09,3.1740684366139194,3.714475588209009
USA-001516,CUST-0131,2024-04-11,4.872245857976647,2.850617648622502
USA-000077,CUST-0007,2023-06-27,6.450130404753566,5.111927047644409
USA-000101,CUST-0010,2024-04-18,1.1281284416336157,3.8830908813777936
USA-001589,CUST-0137,2023-11-15,7.840360169503279,5.8139737590111
USA-002239,CUST-0186,2023-10-14,5.856781921979048,2.60940491521947
USA-002333,CUST-0194,2024-01-04,2.799925756359709,5.089826131086791
USA-004671,CUST-0389,2024-06-24,5.69517717171653,4.88814224126596
USA-003959,CUST-0326,2023-10-27,0.0,1.263694898034408
USA-003536,CUST-0292,2023-11-05,8.547928258258956,3.5456896057460847
USA-001842,CUST-0154,2023-12-18,9.257064309410282,7.175753552788793
USA-003647,CUST-0301,2023-12-25,11.313163573806891,5.1364976294855005
USA-002884,CUST-0240,2023-11-08,4.125658539983613,5.183526152334064
USA-000812,CUST-0066,2024-05-23,3.714213462649459,4.80538689239279
USA-002277,CUST-0189,2023-08-10,2.3450080294843874,6.1506186746564975
USA-001774,CUST-0150,2024-05-15,6.586903188358681,2.968185480478849
USA-000468,CUST-0038,2023-07-09,6.574357035535982,6.245155424514689
USA-002508,CUST-0208,2024-01-23,4.802446158076499,5.160828049964737
USA-001808,CUST-0152,2024-05-23,5.521228670617914,4.07663472613085
USA-001336,CUST-0113,2023-10-06,11.341786841154363,4.767103718718509
USA-000054,CUST-0005,2023-12-20,2.821980087460604,2.3440021183160207
USA-002458,CUST-0203,2023-09-24,2.7178732767098137,2.6552286319780265
USA-003302,CUST-0271,2024-01-05,7.256021016237288,5.309021547325839
USA-004321,CUST-0357,2024-05-12,9.911076950886747,6.332786377751807
USA-003439,CUST-0284,2023-12-13,2.403009913966467,4.597715677426105
USA-001186,CUST-0102,2024-01-13,7.6626095579049,7.361886029330723
USA-002827,CUST-0234,2023-07-12,1.1347694019798555,4.509432638275864
USA-000028,CUST-0003,2024-01-10,6.102730615424543,5.073192489284883
USA-002923,CUST-0243,2023-08-26,5.073744177154073,4.4182206013643155
USA-001783,CUST-0151,2024-05-26,3.6745994763963177,4.351920494148671
USA-000411,CUST-0033,2024-04-11,7.984680066348316,6.007960607692173
USA-003847,CUST-0318,2023-07-05,3.988568225139928,4.7644674503039
USA-003596,CUST-0297,2023-12-08,8.18707926929525,5.532524770810373
USA-000905,CUST-0076,2024-04-09,7.590209921654531,3.8439163439389112
USA-003145,CUST-0261,2023-09-11,9.681651742406647,6.8618262443290075
USA-001562,CUST-0134,2023-11-26,8.670554680999176,5.89272008010881
USA-004472,CUST-0371,2023-10-06,1.5153119212238737,2.3999443754444236
USA-003164,CUST-0262,2023-11-24,11.941519259063512,3.462144513281509
USA-003855,CUST-0318,2024-06-24,4.97364582788519,4.444929333480454
USA-004018,CUST-0331,2023-08-14,7.801110971092782,5.535780016916585
USA-002538,CUST-0210,2023-10-31,1.145738297960139,1.9476142947320187
USA-003368,CUST-0278,2024-01-06,8.47862469485013,6.877364079426457
USA-003051,CUST-0253,2023-07-17,4.250978936241959,4.748680438454612
USA-001185,CUST-0102,2023-10-19,11.633455143343165,4.0774670685981524
USA-000719,CUST-0058,2023-09-20,6.16261402559973,4.41711687388031
USA-003503,CUST-0289,2024-03-28,7.008184249070918,4.2041624344541635
USA-002184,CUST-0182,2024-02-29,2.8612790581543206,4.991034651113064
USA-001093,CUST-0093,2023-12-19,2.5579840101869413,2.58370524182045
USA-000471,CUST-0038,2023-09-11,6.4392497126447665,5.107759270919045
USA-003325,CUST-0274,2024-05-30,8.447010970377674,5.747627257781356
USA-000855,CUST-0071,2023-06-02,5.112115853664572,4.344125002412348
USA-004599,CUST-0384,2023-11-30,4.527290412045836,1.4742043744880697
USA-002102,CUST-0175,2024-05-25,4.19853591722197,3.6817708154398203
USA-000104,CUST-0010,2024-03-17,5.058671298462755,2.2199059194199147
USA-000925,CUST-0078,2024-03-20,7.267774144956061,3.9216985722468936
USA-000071,CUST-0007,2024-01-09,3.288392346958637,6.9655031766584585
USA-001096,CUST-0093,2024-03-04,3.0857184260805663,5.156634311698058
USA-001152,CUST-0098,2024-04-01,11.966831250904029,5.253416429422966
USA-004656,CUST-0388,2023-06-26,4.979539622581037,2.9936725717342703
USA-002858,CUST-0237,2023-12-20,9.041184090040213,7.452688939176684
USA-002603,CUST-0215,2023-08-05,6.5543943315688775,6.428649878144621
USA-003103,CUST-0257,2024-06-25,8.71500198369034,6.699990385045651
USA-000796,CUST-0064,2023-07-31,4.576031789875612,5.423646901468452
USA-000914,CUST-0077,2023-06-16,9.529241620315418,5.502984104407954
USA-004537,CUST-0379,2024-01-25,0.0,2.300772661259812
USA-002111,CUST-0177,2023-11-02,7.0350947879373535,4.0454587826062145
USA-002285,CUST-0190,2024-05-01,11.290557832004424,5.612113315895785
USA-002636,CUST-0219,2024-06-14,6.509535972289625,4.730012539729123
USA-001863,CUST-0156,2023-11-30,5.579233359322696,7.105140264467556
USA-002361,CUST-0196,2023-12-11,6.853947734047994,7.317213313964476
USA-001780,CUST-0151,2024-06-17,7.074733826202476,3.005858073209011
USA-004340,CUST-0358,2024-03-15,2.0596282496470524,4.129193225901803
USA-001197,CUST-0103,2024-05-30,10.57174162666105,5.857446080302884
USA-001104,CUST-0094,2024-03-04,7.49745814750048,7.41171784434424
USA-003138,CUST-0260,2024-05-20,10.65881007459302,7.689060571101912
USA-004013,CUST-0331,2024-05-21,9.422099019315196,7.147282988778996
USA-000778,CUST-0063,2024-04-11,9.780358121282514,7.613109451377643
USA-003984,CUST-0328,2024-01-19,0.0,3.8267603424675873
USA-003272,CUST-0270,2024-01-06,4.8502173341658095,4.144034608351769
USA-003311,CUST-0273,2023-06-11,4.959545567116127,4.071552209718857
USA-002100,CUST-0175,2023-09-02,3.6611626389965464,2.8608191028853565
USA-000117,CUST-0011,2023-08-30,7.942216811298204,6.042772774178369
USA-002528,CUST-0209,2023-11-06,1.2758206392612104,1.9765121608049114
USA-002608,CUST-0215,2024-02-15,7.385333493458614,5.112201290418927
USA-001182,CUST-0101,2023-08-21,4.890706054540777,5.5232832186411445
USA-003094,CUST-0256,2024-03-05,3.7592598106751303,4.352755294339767
USA-002901,CUST-0241,2024-06-26,6.441727853069863,4.808005324935197
USA-004471,CUST-0371,2023-09-13,1.957047058845443,3.397043143971501
USA-004212,CUST-0347,2023-09-10,6.948356490467779,4.253054575662739
USA-001170,CUST-0100,2023-10-27,4.094941215436355,5.594782487845895
USA-001061,CUST-0091,2023-12-11,5.725283595417924,9.146369442646769
USA-000533,CUST-0043,2023-11-01,11.390186772888654,5.700940943450523
USA-000924,CUST-0078,2023-11-06,2.650454732288407,5.253590680286282
USA-001418,CUST-0120,2023-12-23,9.099546666504743,6.195400737897283
USA-004172,CUST-0344,2024-04-10,4.106852929287536,5.404103075512313
USA-002451,CUST-0202,2023-10-16,7.610592929363352,4.8920714005414645
USA-004424,CUST-0366,2023-10-07,5.1599875269440805,6.311094452443559
USA-003965,CUST-0327,2024-05-10,3.144043384497448,0.34471040877178405
USA-001951,CUST-0163,2024-05-14,11.31053015938826,8.773806305514462
USA-000358,CUST-0029,2024-01-31,6.629980539925536,4.048219479580165
USA-002194,CUST-0183,2024-04-28,2.7860577836072498,3.3945044679104504
USA-004549,CUST-0380,2024-03-14,3.837080705158007,3.9714908786600045
USA-001874,CUST-0157,2024-06-30,1.6324783553922502,3.4535729565944147
USA-002543,CUST-0210,2023-06-01,3.11620227489517,1.419439025065332
USA-002768,CUST-0228,2024-01-01,2.191969734989418,3.577676249624475
USA-001422,CUST-0121,2024-02-25,11.020400259804719,5.767235501333466
USA-000363,CUST-0030,2024-02-16,6.6110970393617245,6.869400536704173
USA-002525,CUST-0209,2024-05-11,-5.7693114393564215,1.876465738722107
USA-001209,CUST-0103,2024-04-21,12.008572201429772,5.792702215877402
USA-001866,CUST-0156,2024-02-04,8.505378521532277,4.537444868606193
USA-004204,CUST-0347,2024-02-04,8.20399036375266,3.3344528478833593
USA-002619,CUST-0216,2023-09-05,11.600262192025893,7.05995102153593
USA-004398,CUST-0364,2024-01-29,8.573352676072696,6.314263321553268
USA-002288,CUST-0190,2024-06-04,9.099972595392632,5.243288310853746
USA-002549,CUST-0210,2023-06-05,4.844596990498976,4.587854217165675
USA-003476,CUST-0287,2023-09-01,7.4911087867647455,3.2424226473655287
USA-000932,CUST-0078,2023-11-24,6.232774129494168,4.855607737575732
USA-000254,CUST-0021,2024-04-03,5.677787831177688,5.744677982986314
USA-002624,CUST-0217,2023-06-18,8.275243895237836,4.70161774985584
USA-004065,CUST-0336,2023-11-01,7.183043011640083,4.583193285032705
USA-001183,CUST-0101,2024-04-17,4.966480181903796,5.213049763100778
USA-000175,CUST-0016,2024-04-23,5.9958260103247,5.719248674727957
USA-003714,CUST-0307,2024-03-31,3.9480679494417785,2.630464650455856
USA-002385,CUST-0197,2024-05-22,8.59051919627386,7.263907046973291
USA-004631,CUST-0386,2023-11-26,6.347382145248575,3.7026670787019214
USA-003962,CUST-0327,2024-06-17,0.0,5.59133776965227
USA-000422,CUST-0035,2024-01-09,9.618253333144617,8.467488014015675
USA-000774,CUST-0063,2023-09-28,9.321459703409058,6.030886666793618
USA-002178,CUST-0182,2024-01-09,3.6316923064693656,4.076356600899721
USA-004104,CUST-0339,2023-06-28,5.073658794870883,5.145883230588951
USA-002345,CUST-0195,2023-09-22,8.715931170654175,5.1432601549291475
USA-004496,CUST-0374,2024-06-20,4.992553526214308,2.9898767662577876
USA-001086,CUST-0093,2024-03-24,1.4690774191984985,3.0479084355597257
USA-003090,CUST-0256,2023-09-21,4.704908874570188,5.2761706499278365
USA-002135,CUST-0178,2023-08-28,10.198083747754943,9.13089011740934
USA-002443,CUST-0202,2023-06-23,7.030834131776707,5.34413717580716
USA-004629,CUST-0386,2024-05-14,7.055799278330643,5.421275125659165
USA-003812,CUST-0314,2023-07-06,12.728247628056812,9.269877993413536
USA-002097,CUST-0175,2023-06-07,6.590252157122972,4.477535758273447
USA-003283,CUST-0270,2024-02-14,2.9603614995140104,3.892675560541378
USA-000476,CUST-0039,2023-06-10,8.41003827121656,5.914083725558993
USA-001653,CUST-0142,2023-07-06,8.01361991106957,4.3282865172416916
USA-002606,CUST-0215,2023-09-13,7.8576660135261704,6.970923355511523
USA-003109,CUST-0257,2023-11-15,10.817717476392412,7.628159535959265
USA-003680,CUST-0303,2023-08-11,7.420714310803882,5.480064854070871
USA-003520,CUST-0291,2024-02-26,12.148750953186845,4.626574118000049
USA-002136,CUST-0179,2023-06-29,5.352436511135514,2.6807025713916643
USA-001429,CUST-0122,2023-12-13,3.8932415583662983,3.4319599768487756
USA-002514,CUST-0208,2024-03-21,5.429305065288358,6.391738695405266
USA-003237,CUST-0267,2024-05-12,0.0,2.05973873149207
USA-004330,CUST-0357,2024-02-14,11.28220650255933,7.13758513987875
USA-001340,CUST-0113,2024-02-28,7.185199845853331,7.462686428590761
USA-002714,CUST-0225,2024-04-22,4.797935998011009,5.0131503603150795
USA-003410,CUST-0281,2024-04-18,5.12084480239025,4.974311175241381
USA-001512,CUST-0131,2023-11-14,5.52665962313494,3.0315844272525334
USA-000279,CUST-0023,2024-01-10,1.4983730583814117,5.50805936901458
USA-003592,CUST-0297,2023-10-08,7.286341236787337,2.551936362642795
USA-003840,CUST-0317,2023-06-14,6.223166542463581,4.315932696366037
USA-001218,CUST-0104,2024-04-28,5.617109186604242,5.303685459835709
USA-001593,CUST-0137,2024-02-29,10.880601814309694,6.166273599609697
USA-003623,CUST-0299,2024-01-21,1.8450527492866438,4.434401060423797
USA-002238,CUST-0186,2024-01-28,5.169229364254765,5.326649459256684
USA-003189,CUST-0264,2023-10-17,7.390128495121862,6.054492148245393
USA-004066,CUST-0336,2023-09-19,4.730117413955728,2.8276605989076904
USA-002052,CUST-0172,2024-02-08,9.811856793563948,6.643826543650738
USA-003021,CUST-0251,2024-02-29,7.803319616092703,6.909182293698156
USA-000915,CUST-0077,2024-05-24,3.754748537613535,5.539587536097728
USA-000201,CUST-0017,2023-08-27,9.783628716826838,7.448115298873298
USA-002090,CUST-0174,2023-12-08,3.002791072295091,2.310168828879901
USA-002618,CUST-0216,2023-11-30,8.867014669354432,6.942953130039588
USA-000106,CUST-0010,2023-11-12,0.5991926160846002,5.114308768895284
USA-004329,CUST-0357,2023-08-09,7.5739047198073335,5.913520729937257
USA-003674,CUST-0303,2024-02-02,3.8834326510197736,5.189585861325965
USA-000151,CUST-0014,2023-07-07,2.741094138062708,3.5190066984090542
USA-002350,CUST-0195,2023-08-05,7.453698933082461,3.8273131384485346
USA-000083,CUST-0007,2024-02-09,5.24385023364613,4.638073108610745
USA-000825,CUST-0068,2024-05-29,7.800719548245586,5.549490095340879
USA-001849,CUST-0155,2023-07-19,7.01882686891454,6.04318915506847
USA-000863,CUST-0071,2023-09-01,4.271372649055369,5.475869323983182
USA-003902,CUST-0321,2024-03-23,8.518618874709428,5.563905046055425
USA-002907,CUST-0242,2023-11-16,2.6419150613548172,3.3054524794157043
USA-001867,CUST-0156,2023-07-13,5.328281112123534,4.899239747684272
USA-000967,CUST-0082,2023-07-03,6.430846370807207,5.1724918223906675
USA-004445,CUST-0368,2023-06-01,7.518597550847531,5.880664334916302
USA-000652,CUST-0052,2023-09-23,8.741652898098069,4.511477119666168
USA-002586,CUST-0213,2023-09-27,5.067496263565537,3.927577308215634
USA-000450,CUST-0037,2023-11-30,3.653323867793415,3.1097116471507373
USA-001283,CUST-0109,2023-10-03,3.7488735098397195,4.899189530513966
USA-004637,CUST-0387,2024-06-21,3.8797254487269583,3.8933452910207063
USA-000810,CUST-0065,2023-07-09,5.712384754864284,4.736784728272425
USA-004626,CUST-0386,2023-06-27,10.907340948539508,6.462779316674605
USA-000326,CUST-0027,2024-05-12,7.135214628496899,5.544428617063014
USA-004306,CUST-0355,2023-06-23,4.9884852888059745,4.192420847813331
USA-002466,CUST-0204,2024-01-22,4.208975948274202,3.8604883060105752
USA-003246,CUST-0268,2023-06-16,6.586853608716972,4.911986905941371
USA-000317,CUST-0026,2023-10-02,6.461299251670216,4.698817512040024
USA-003063,CUST-0254,2023-06-25,3.6736992728444493,4.849983191971408
USA-003441,CUST-0284,2023-09-10,3.691376533701108,3.011674642916307
USA-004249,CUST-0350,2024-06-15,4.019451428686024,4.369655465780464
USA-001308,CUST-0110,2023-06-27,9.447947009418037,6.011212856032542
USA-000280,CUST-0023,2024-05-15,1.272627311882513,5.154469202966259
USA-001885,CUST-0157,2023-10-20,5.327465983948448,5.241574912032426
USA-001067,CUST-0091,2024-04-28,7.366555645179353,5.221952707356715
USA-004295,CUST-0354,2024-06-25,10.8157434197249,4.910052711096316
USA-002040,CUST-0171,2024-01-20,6.673485042175253,4.89635846675627
USA-002970,CUST-0247,2023-07-18,3.502148950748776,4.238170400849435
USA-003184,CUST-0263,2024-06-25,0.1342074801843376,1.5477313450577528
USA-001381,CUST-0117,2023-07-11,3.624387370124338,3.534976106298092
USA-002378,CUST-0197,2024-04-15,9.162303107336914,7.03710611578541
USA-003813,CUST-0315,2023-11-12,5.782883504905518,3.569556555945357
USA-004242,CUST-0349,2023-07-29,4.649697120149958,4.569085221578133
USA-003028,CUST-0251,2024-02-12,7.123836898563164,5.202572904458859
USA-001823,CUST-0153,2023-06-04,9.37531872608183,5.041600728677309
USA-003977,CUST-0328,2024-04-18,1.0122811634880176,2.6408772153977202
USA-001056,CUST-0091,2023-12-13,7.968245817531923,7.591134570342591
USA-002270,CUST-0189,2024-05-27,2.161734682385196,3.0432209027001083
USA-001500,CUST-0130,2023-10-06,1.147039323119347,3.132306440448472
USA-003437,CUST-0284,2023-11-10,3.1423729045076687,6.387480906762507
USA-000898,CUST-0075,2023-11-16,10.63414916379301,6.153573534042162
USA-001834,CUST-0154,2023-09-19,7.0659312102750675,6.637312550139321
USA-003059,CUST-0253,2024-03-28,6.185877849675805,5.323521868536562
USA-000170,CUST-0015,2024-03-31,0.9146167536169698,3.207678889442728
USA-000038,CUST-0004,2024-03-09,11.76949863569135,5.954508062683508
USA-001510,CUST-0131,2023-12-17,4.55199351407861,4.072833846614009
USA-004268,CUST-0351,2023-08-15,7.122842656305146,2.3902035702916575
USA-001235,CUST-0105,2023-09-14,8.282373226297807,3.790339093454437
USA-000807,CUST-0065,2023-12-04,5.872769898940502,2.8055631000177907
USA-002096,CUST-0175,2023-08-13,6.289096545444399,4.855024798442502
USA-003393,CUST-0280,2023-09-22,5.02121787986508,5.418251302044641
USA-002167,CUST-0181,2023-11-02,9.315238283277354,7.635161451048366
USA-000252,CUST-0021,2023-12-06,8.814863251630554,7.864209097777331
USA-002522,CUST-0208,2024-05-29,3.380155814528573,4.130406502698803
USA-001284,CUST-0109,2023-09-02,5.110918679859807,2.8498087590884786
USA-001467,CUST-0126,2023-09-01,1.5111276584369284,4.240029008323106
USA-003870,CUST-0319,2023-06-20,8.141227167778162,4.872386175706429
USA-001569,CUST-0135,2024-05-26,6.736786555235144,4.840405083098152
USA-000970,CUST-0082,2024-04-14,7.7156168760220725,6.584076659868282
USA-001383,CUST-0117,2023-12-23,2.618091042555167,5.2143731652234555
USA-004478,CUST-0372,2024-03-04,6.137689117307066,4.719446716949941
USA-004143,CUST-0342,2024-02-05,6.701518277620908,4.835818566500678
USA-002228,CUST-0186,2024-03-14,5.096778515033412,5.0724220472464525
USA-000353,CUST-0029,2023-06-18,6.51468987898519,3.652232988383035
USA-003883,CUST-0320,2023-10-16,2.900408418402279,4.9995839874795704
USA-003052,CUST-0253,2024-06-01,5.532428363512992,5.577383596454193
USA-002623,CUST-0217,2023-06-01,9.0368682775149,8.968581329442667
USA-004070,CUST-0336,2023-10-31,3.6971464473762436,4.785626110207409
USA-001325,CUST-0112,2024-02-21,5.577783834240786,3.4887842257285815
USA-003411,CUST-0281,2023-11-18,6.191577833049392,5.458024016079905
USA-003300,CUST-0271,2023-09-10,6.754959654099769,5.121793245596778
USA-000391,CUST-0032,2024-03-18,4.680732691746843,5.162440275345913
USA-000672,CUST-0054,2024-04-25,0.580252226485343,1.5209811908451787
USA-000678,CUST-0055,2023-10-07,5.839208398843703,4.735158037615345
USA-000574,CUST-0046,2024-01-07,4.108185314004379,3.906159169883663
USA-000943,CUST-0080,2024-06-24,1.2970494751721593,3.9888691374194742
USA-001852,CUST-0155,2024-05-27,9.055055565537536,6.087600200227716
USA-003436,CUST-0284,2024-02-01,1.534310087986111,3.2604485885190737
USA-003178,CUST-0263,2023-06-12,4.244088962671173,4.615758921664878
USA-000817,CUST-0066,2023-10-07,3.1816545700310788,6.624045513665488
USA-001003,CUST-0085,2023-09-03,4.969244388890604,4.006323847174432
USA-001584,CUST-0136,2024-02-26,3.862631644822258,4.475969189425607
USA-002368,CUST-0196,2023-12-09,8.310231327254588,5.510001815583203
USA-002327,CUST-0194,2023-10-05,4.607423417457625,5.050987892347052
USA-000177,CUST-0016,2024-03-01,8.115576554103427,4.680445678528284
USA-003973,CUST-0327,2024-05-17,3.2033307082743,2.8297918389095753
USA-000813,CUST-0066,2024-03-13,5.0530657715471365,5.0183953051913175
USA-000405,CUST-0033,2023-06-05,9.521265485810648,6.768096694364455
USA-001025,CUST-0088,2023-06-18,3.9888560256620247,5.961478080647693
USA-004093,CUST-0338,2024-06-26,7.331848482092812,8.339148868511591
USA-000003,CUST-0001,2024-01-09,6.5679362019529925,5.737273698182976
USA-001716,CUST-0146,2024-02-28,4.920159436356778,3.2075033528927337
USA-002021,CUST-0170,2023-11-08,9.611265748912194,6.822397881596402
USA-002867,CUST-0238,2023-06-27,4.488280559554895,4.258473677511878
USA-004453,CUST-0369,2023-10-12,9.617174298231149,5.829561063969794
USA-001732,CUST-0147,2023-11-24,8.734715849171376,5.934502717938674
USA-002502,CUST-0207,2023-10-24,10.034753747664492,6.221204402684084
USA-000612,CUST-0049,2023-10-23,-8.586982895940166,3.225993337219847
USA-002141,CUST-0179,2023-12-20,3.433381804810761,3.1734587147185866
USA-002057,CUST-0172,2023-09-21,8.157929417178064,4.643623551077316
USA-001247,CUST-0106,2023-09-02,8.210074386089575,6.831284045926672
USA-002120,CUST-0177,2023-11-30,6.199077485814679,7.1418965946141935
USA-003298,CUST-0271,2023-12-07,9.771377009868955,6.587708268960928
USA-001813,CUST-0153,2023-11-27,7.07229351541654,7.608838701509466
USA-003980,CUST-0328,2024-02-19,0.24075656946813062,2.5714558896354442
USA-002384,CUST-0197,2023-09-03,7.38882369714026,7.053161764535512
USA-000416,CUST-0034,2023-10-05,9.06092800868921,5.036550981058818
USA-000435,CUST-0036,2023-10-06,7.565288653751923,5.445667049756457
USA-000981,CUST-0084,2023-07-05,9.908433963002201,7.365762951114094
USA-002317,CUST-0192,2024-05-23,5.758574302301221,4.696271243620416
USA-003370,CUST-0278,2024-01-10,0.36685481158131417,7.83583802411524
USA-003777,CUST-0312,2024-01-13,9.420852483408254,6.2302132332315185
USA-003537,CUST-0292,2024-06-20,9.661120753403205,3.7277642851738007
USA-003606,CUST-0298,2024-03-14,0.0,0.0
USA-003291,CUST-0271,2024-01-07,7.432542750776331,4.8787146529735645
USA-002354,CUST-0195,2024-06-30,4.951307523636387,6.375957709664561
USA-003915,CUST-0322,2023-09-03,10.31707246439116,5.162239187856835
USA-002670,CUST-0221,2023-10-09,7.180939950555793,5.037733425083447
USA-002387,CUST-0197,2024-04-10,6.500948791238891,5.44631537737445
USA-003768,CUST-0312,2023-12-12,10.786325703624126,6.001103875048125
USA-001827,CUST-0153,2023-06-29,9.583076230471688,7.328935147868563
USA-004050,CUST-0334,2023-08-19,7.057469776904721,7.88812361712913
USA-001556,CUST-0134,2023-07-24,11.458775089499778,6.437634821698645
USA-002450,CUST-0202,2024-03-19,7.891763164270518,6.931614699241923
USA-000492,CUST-0040,2024-02-11,2.8322376461052956,2.56807686756968
USA-004658,CUST-0388,2023-08-01,7.452434763592476,4.725915546331747
USA-003352,CUST-0276,2023-11-02,5.13985908512487,4.770371255163128
USA-003814,CUST-0315,2023-12-25,6.164007697479937,4.976531848243407
USA-003478,CUST-0287,2023-09-17,4.992405188714376,5.44386116820268
USA-003060,CUST-0253,2023-12-09,5.543246937183215,4.536104422099058
USA-000904,CUST-0076,2023-09-15,4.923313163108525,4.418809367024963
USA-001148,CUST-0098,2024-03-09,9.949033273504313,5.67505738383516
USA-001940,CUST-0163,2024-01-11,13.422031456822193,7.33458642472903
USA-004158,CUST-0343,2023-08-13,7.1115331955588905,4.687327500715913
USA-001623,CUST-0140,2023-07-29,3.1811585464153964,3.1937092126562305
USA-003304,CUST-0272,2023-10-28,4.594713931865106,4.983993004528464
USA-003192,CUST-0264,2024-03-06,11.121696816497606,5.937714012008481
USA-000559,CUST-0045,2023-06-29,2.3058225953100435,5.20063400776432
USA-001688,CUST-0144,2023-07-21,3.135922671351932,3.8647797031469118
USA-000293,CUST-0024,2024-01-19,0.5899092942427224,2.177668936630325
USA-001673,CUST-0143,2024-04-26,8.1324328904986,5.207580712793562
USA-004538,CUST-0379,2023-06-28,1.481008776618519,3.154741791011209
USA-002551,CUST-0210,2024-04-24,2.5624884890969954,4.481291379154146
USA-004323,CUST-0357,2023-08-21,11.055616076713978,5.346863209180012
USA-002486,CUST-0205,2024-06-30,6.619931690762393,3.870775994091506
USA-001001,CUST-0085,2024-01-26,4.696566305205556,4.576809261458651
USA-001664,CUST-0142,2023-07-27,6.874802426915727,5.649425223491222
USA-001479,CUST-0127,2023-12-19,5.057080985967929,4.2988757685623655
USA-001696,CUST-0145,2023-09-23,2.8971466487698585,5.119559290944526
USA-001184,CUST-0101,2023-09-07,4.051017559146161,5.632429087330853
USA-001132,CUST-0097,2024-01-04,-8.497323222701572,3.209960671088009
USA-003464,CUST-0286,2024-04-27,7.7877768521580535,6.558108482906684
USA-003921,CUST-0323,2023-09-20,0.0,2.186019666664113
USA-000890,CUST-0075,2023-11-17,8.862550477695295,8.21049951835387
USA-001272,CUST-0108,2023-12-22,3.7381070551946207,4.279198568795018
USA-000524,CUST-0043,2024-06-01,4.2963426497474,5.420930867681308
USA-001396,CUST-0119,2024-02-14,8.884677463071295,5.294601517941858
USA-001977,CUST-0166,2024-05-03,6.605387260407256,3.992907077363725
USA-001035,CUST-0089,2023-12-01,6.576770976527824,5.712080647000098
USA-000686,CUST-0056,2023-10-07,8.006638540740147,5.152515203799949
USA-001404,CUST-0119,2023-10-21,6.7998678477895815,6.326006433736562
USA-002612,CUST-0216,2023-06-02,9.57647764479974,6.215636312975061
USA-004051,CUST-0334,2023-11-05,9.716286591513109,5.080602049198409
USA-001004,CUST-0086,2023-07-04,10.112121706557662,7.037048901934266
USA-002007,CUST-0169,2023-09-19,5.291465145973226,4.779648974990372
USA-004694,CUST-0391,2024-05-24,3.884456262079751,4.232281571168544
USA-001521,CUST-0131,2023-06-18,5.5406125914376965,3.096113838098852
USA-003530,CUST-0292,2024-05-29,5.595912365110872,4.574248211008134
USA-002176,CUST-0182,2024-06-01,1.3161170495974366,5.239912991762894
USA-000509,CUST-0041,2023-09-15,6.995307820939146,5.1715949308626
USA-001286,CUST-0109,2024-05-25,1.6131581321946111,3.7220484678926864
USA-004371,CUST-0361,2023-12-28,8.411530493616539,5.762955038146518
USA-003786,CUST-0313,2023-10-29,6.074667374769069,4.690882672971195
USA-001122,CUST-0096,2023-09-09,7.76786379942338,7.8228921894107275
USA-002226,CUST-0185,2023-09-08,3.9967711935158325,4.599061717220895
USA-000516,CUST-0042,2023-12-21,2.8806637185828325,2.8905906227587104
USA-002123,CUST-0177,2024-02-23,7.722433119142604,5.81356322814488
USA-003991,CUST-0329,2023-10-31,2.0722983189678197,5.501651161538011
USA-002165,CUST-0181,2023-08-10,11.720607610915641,8.599940673861166
USA-004419,CUST-0365,2023-07-28,4.482554131158609,4.075604378443468
USA-004665,CUST-0388,2023-06-16,7.172218830267917,6.405483083933786
USA-002152,CUST-0180,2023-08-07,8.55860725170271,6.487171037104211
USA-002497,CUST-0207,2023-06-05,11.646046002056162,5.881854641239444
USA-003452,CUST-0285,2023-09-01,6.623869436094068,4.543723590010958
USA-003858,CUST-0318,2024-05-26,7.61333452286885,1.8721765521520886
USA-001180,CUST-0101,2023-07-12,2.6994570810076928,4.692479920152963
USA-003691,CUST-0304,2023-08-11,22.33544210185425,3.4872577292498943
USA-001240,CUST-0106,2023-09-27,10.717491685849648,5.5287601386876055
USA-003810,CUST-0314,2023-12-22,14.172336628430356,9.673958580442303
USA-001465,CUST-0126,2023-10-08,2.248050424191566,3.8624294847794056
USA-001271,CUST-0108,2024-05-13,3.0463198558551836,5.752773319340867
USA-002022,CUST-0170,2023-12-26,10.23628649526411,5.790891616907135
USA-000821,CUST-0067,2023-07-04,3.2214364258610075,4.075457648152628
USA-001158,CUST-0099,2024-05-10,0.28502754368003735,3.112775721200876
USA-003083,CUST-0255,2023-09-01,4.821847186809918,5.154419038637547
USA-000032,CUST-0004,2023-06-04,7.517135693103595,4.575325632465229
USA-003657,CUST-0301,2023-10-09,10.26121946854483,6.86804203332809
USA-001503,CUST-0130,2023-09-05,0.0,2.9181233677121146
USA-003151,CUST-0261,2024-03-25,12.717592105946661,6.274727015461527
USA-001891,CUST-0158,2023-09-15,5.065745353974407,5.017611272635801
USA-002396,CUST-0198,2024-01-14,6.404521941161724,3.50467375242491
USA-001771,CUST-0150,2023-10-04,4.439766890827102,3.3538104929991666
USA-003993,CUST-0329,2024-01-19,3.804468190219325,5.915149373677799
USA-002377,CUST-0196,2023-06-25,9.514278535445719,5.9007730483464105
USA-001155,CUST-0099,2023-06-27,1.3536602792377292,3.7974372734965924
USA-001299,CUST-0110,2024-06-25,5.896721118887716,7.279941479871361
USA-003118,CUST-0258,2024-03-30,6.7744669986457815,5.918856288089242
USA-002816,CUST-0233,2023-12-05,9.346748938208194,5.633084662372809
USA-001712,CUST-0146,2023-11-19,9.818937195814122,4.861004936501476
USA-002607,CUST-0215,2024-03-20,9.186841157019344,5.662677578697554
USA-001191,CUST-0102,2023-08-19,6.924461555272217,6.604131197370941
USA-002540,CUST-0210,2024-03-30,2.6857970123243042,5.489040263727894
USA-000988,CUST-0084,2023-12-28,8.595007245902414,5.994334217851696
USA-000342,CUST-0028,2023-08-05,8.796145493385492,7.052378661232852
USA-000844,CUST-0070,2023-11-26,5.495376745236589,4.090775868029776
USA-002267,CUST-0189,2023-10-05,4.036375669500043,4.568183710298079
USA-002452,CUST-0202,2024-06-18,7.585868213690173,3.7306969926896913
USA-004447,CUST-0368,2023-11-19,7.225382169597743,4.786949653713799
USA-003716,CUST-0307,2023-07-12,3.3088886329942753,2.495453380577472
USA-003826,CUST-0316,2023-06-20,4.292762007636114,3.160679330383384
USA-003598,CUST-0298,2024-01-27,0.0,1.4685356402023988
USA-003616,CUST-0299,2024-01-02,3.3361917980334947,4.412221410049684
USA-002192,CUST-0183,2023-08-10,3.6713086380603097,4.2719166030074875
USA-000481,CUST-0039,2023-08-11,10.143945192659194,6.386918839427429
USA-001468,CUST-0126,2024-04-10,1.182221153596627,3.1541969896595097
USA-001251,CUST-0107,2023-08-11,8.52316500168582,6.560877140979138
USA-003020,CUST-0251,2023-09-19,6.32388529410958,4.768192106402803
USA-004011,CUST-0330,2023-07-12,5.766800415890499,3.473874078833613
USA-001181,CUST-0101,2024-02-28,4.5195005010238285,5.280664688287668
USA-000063,CUST-0006,2023-10-29,7.609090632040012,5.983077683360718
USA-003504,CUST-0289,2023-07-28,8.338480554143917,6.6345920903952775
USA-002219,CUST-0185,2024-02-22,5.401575965532737,5.503391416845351
USA-001860,CUST-0155,2023-12-07,5.2767924215112005,7.663341212646172
USA-002828,CUST-0234,2023-07-02,2.526599834873676,3.160397927328915
USA-004317,CUST-0356,2023-11-01,7.607693512105364,5.688351998646791
USA-000989,CUST-0084,2024-02-15,10.082105489814076,4.615612429440027
USA-001961,CUST-0164,2024-04-04,7.7054953460967806,5.34980059744698
USA-003756,CUST-0311,2023-09-05,13.476257009725217,9.393467064480609
USA-003901,CUST-0321,2023-10-07,8.75731125466944,6.839643227180651
USA-001928,CUST-0162,2024-03-29,5.612527483567193,3.055585753050123
USA-001629,CUST-0140,2024-05-04,5.215357855908959,3.5954457333343623
USA-003922,CUST-0323,2023-07-06,1.7400334550883474,1.499027566774994
USA-003362,CUST-0277,2023-10-05,7.290961214498291,6.6203882647899155
USA-002433,CUST-0201,2023-06-28,3.8988162192362763,3.981577344041561
USA-000233,CUST-0019,2024-02-16,4.424899302725121,4.266599911618255
USA-004481,CUST-0372,2023-12-27,4.455553295658134,5.5245652079243674
USA-002902,CUST-0241,2023-06-12,7.056019508464683,7.130205397013856
USA-000065,CUST-0006,2024-04-26,10.644332039067102,4.1650496117386
USA-003896,CUST-0321,2024-01-02,12.861983449772403,6.362834064274232
USA-002274,CUST-0189,2024-05-07,2.849702138570386,3.530164383889351
USA-000618,CUST-0050,2024-01-28,10.14355998493916,7.647507452436712
USA-002720,CUST-0225,2023-12-14,4.4017004069164285,3.347613741117907
USA-004425,CUST-0366,2023-10-15,10.399425794292274,4.491063390008042
USA-000870,CUST-0072,2023-12-19,8.09892132057664,6.705579434844377
USA-003367,CUST-0278,2023-07-20,9.445473007747395,4.7179635567080345
USA-001862,CUST-0156,2024-05-15,9.340783501909236,6.469952094588193
USA-002819,CUST-0234,2023-12-11,2.8563164894115687,4.271196515890393
USA-002562,CUST-0211,2023-06-11,2.888674456703104,4.224703517972662
USA-000366,CUST-0030,2024-03-05,-1.1786733402303051,4.539528974914932
USA-000753,CUST-0060,2024-01-30,7.214278190501621,5.549903984709532
USA-004099,CUST-0339,2024-04-29,7.237754065590263,7.299577425781094
USA-002739,CUST-0227,2024-04-10,3.183707871305147,2.859997986680287
USA-002905,CUST-0241,2023-09-19,7.645830280832268,5.777620577471741
USA-003383,CUST-0279,2023-07-02,9.406760328440583,3.8073958738259286
USA-002456,CUST-0202,2023-09-27,7.034388382195496,4.792965303265344
USA-004266,CUST-0351,2023-08-14,8.610096284354816,5.839910154313734
USA-004355,CUST-0359,2024-02-09,8.551129407285963,6.144411334169357
USA-002099,CUST-0175,2024-02-11,4.852135828329184,3.8077921687068224
USA-002879,CUST-0239,2024-01-14,5.033145442869587,4.236811986124962
USA-004361,CUST-0360,2024-03-08,3.545232240294098,5.500143458589387
USA-002108,CUST-0176,2024-03-14,3.629462196914258,5.7805166512713395
USA-001975,CUST-0166,2023-07-21,4.127442841684496,4.004992856321706
USA-000707,CUST-0057,2023-12-11,4.125990130512356,4.440588661645663
USA-003068,CUST-0254,2023-08-19,2.554051998035394,3.8093360330569044
USA-002909,CUST-0242,2023-10-16,2.3010650340194996,3.3707721676896147
USA-001034,CUST-0089,2023-12-13,8.257263843030682,5.541703569578017
USA-002019,CUST-0170,2024-01-10,9.920115703415112,5.63941041328853
USA-001554,CUST-0134,2024-03-30,9.6530136835813,6.7146437331004885
USA-001549,CUST-0133,2023-12-31,11.941346521561394,7.3342543184412445
USA-000306,CUST-0025,2024-05-20,4.596667700838497,4.939552632386068
USA-002455,CUST-0202,2023-07-14,8.015962701051029,8.88980097334283
USA-003078,CUST-0255,2024-03-13,5.410226226236736,4.8186193016991545
USA-004697,CUST-0391,2024-03-03,5.3764302695308235,4.331167178476413
USA-004520,CUST-0377,2024-02-27,11.752904761264391,6.49146897863471
USA-002898,CUST-0241,2023-11-27,5.980192566599354,5.109229431572137
USA-001901,CUST-0159,2024-06-27,5.656539723701598,5.475282049477627
USA-003724,CUST-0308,2024-06-04,8.233596403922494,5.885482634095522
USA-003475,CUST-0286,2023-12-23,6.636432310601982,5.103082051555971
USA-000822,CUST-0067,2024-06-16,7.720136020242261,4.599258426593248
USA-002600,CUST-0215,2024-03-18,7.000456879480714,7.135492477007476
USA-001211,CUST-0104,2024-05-17,5.9659082963162815,4.297976189636202
USA-002620,CUST-0216,2024-02-01,9.971144283609068,6.84754072447901
USA-002462,CUST-0203,2024-06-27,4.819047585256881,3.293858437084727
USA-001542,CUST-0133,2024-05-22,13.046417749415484,8.420739882195575
USA-003185,CUST-0263,2024-03-12,2.2954851728961394,3.608582311749686
USA-002744,CUST-0227,2023-07-20,2.7392211892333056,3.2293565915992284
USA-001677,CUST-0143,2024-01-17,11.125164721777049,8.574194268087176
USA-001747,CUST-0148,2023-08-09,5.583173796322994,4.012040970940125
USA-001979,CUST-0166,2023-11-15,5.542455521300412,4.5399308822320865
USA-000046,CUST-0005,2023-11-30,2.820815273265444,3.730990638739996
USA-003324,CUST-0274,2024-05-16,18.59669830163665,6.541512024204644
USA-002541,CUST-0210,2024-05-17,1.430195544874984,3.8044581426003443
USA-002243,CUST-0186,2024-03-23,4.36324108291272,4.710029543171601
USA-003507,CUST-0289,2023-08-06,6.011408778437269,4.1742856610993275
USA-004691,CUST-0390,2023-09-12,8.613904628722299,6.781739056085048
USA-001138,CUST-0097,2024-03-03,7.200783435984231,4.969453871128211
USA-004544,CUST-0379,2023-08-20,0.0,0.7067345257835685
USA-000791,CUST-0064,2024-03-15,4.31824813772484,3.983676127525343
USA-003276,CUST-0270,2023-10-22,5.833421092159959,4.705121124357526
USA-000094,CUST-0008,2024-06-09,6.873226260972752,7.135268804247629
USA-002563,CUST-0211,2024-04-17,7.114856094854964,6.149505248485957
USA-003825,CUST-0316,2024-04-01,7.069652483454288,4.195275090290716
USA-001756,CUST-0149,2024-04-20,4.540229808020976,4.944573454958721
USA-003519,CUST-0290,2024-04-28,8.061676621884597,6.3435209453794075
USA-001387,CUST-0118,2024-06-09,6.073664615906452,2.8391161164070824
USA-003418,CUST-0282,2023-11-22,5.836770533382477,6.8302061732922725
USA-002336,CUST-0194,2024-02-11,4.119594242548787,3.8159103625548663
USA-003931,CUST-0324,2024-06-05,8.28861368815395,5.196578309667324
USA-004182,CUST-0345,2023-11-16,6.790854029949469,7.567934350640504
USA-002676,CUST-0222,2023-09-19,4.315922031903998,3.8977315896227833
USA-004141,CUST-0342,2023-12-24,8.53097437458948,3.2477746914953887
USA-003457,CUST-0285,2023-10-27,7.047984080180823,7.230592120761227
USA-003465,CUST-0286,2023-11-15,5.703721548331262,7.281372614238023
USA-002068,CUST-0173,2023-07-15,5.9174423297049135,4.351081387951081
USA-004598,CUST-0384,2023-08-13,0.0,3.2730957311802533
USA-001280,CUST-0109,2024-05-19,1.9219597791331928,4.99754315768144
USA-001832,CUST-0154,2023-09-09,8.120552582062336,4.746726741089249
USA-001252,CUST-0107,2024-04-25,9.707949855338603,5.513295421300656
USA-000216,CUST-0018,2024-05-12,4.282223856982068,6.167862010869721
USA-000224,CUST-0019,2023-08-05,4.334945172511659,3.535202907645531
USA-002365,CUST-0196,2023-11-11,6.9880714909088875,6.626580302083989
USA-001456,CUST-0125,2023-06-03,5.98346881053648,5.6463837543780055
USA-000204,CUST-0017,2024-03-14,8.391965581065355,6.243760916938657
USA-004314,CUST-0356,2024-05-07,9.294613087775197,6.808353989310259
USA-001742,CUST-0148,2023-08-16,4.061734422003736,5.512731751999609
USA-001622,CUST-0140,2023-09-11,3.1318706158153624,5.006525257882782
USA-001169,CUST-0100,2023-11-04,7.045889844755507,5.740053401909935
USA-003591,CUST-0297,2024-05-13,3.598577253459254,4.742585323470235
USA-001121,CUST-0096,2023-08-07,7.24278941573513,5.891891556185217
USA-001020,CUST-0087,2024-05-31,1.0842402510710611,3.991310732698217
USA-001350,CUST-0114,2023-12-20,3.652560611595683,2.257278776471592
USA-003581,CUST-0295,2023-09-21,4.772741552339362,4.884521583811197
USA-002495,CUST-0207,2023-06-20,8.130885909540858,6.098188345408377
USA-001511,CUST-0131,2023-08-27,2.5807407347733857,3.888747549263503
USA-003009,CUST-0250,2024-02-03,3.219576570944694,4.963863768458054
USA-001289,CUST-0109,2023-08-04,1.728049555312066,3.7719157040750657
USA-004462,CUST-0369,2024-05-31,7.2103205659604725,7.386624178553396
USA-004269,CUST-0351,2024-01-19,7.537983537851067,5.48841333349641
USA-003509,CUST-0289,2023-09-14,5.783075538256815,4.724558833155794
USA-002598,CUST-0215,2023-10-24,9.877413626124685,5.708366473621335
USA-001545,CUST-0133,2023-11-20,10.14725604307987,8.711661282354783
USA-003268,CUST-0269,2024-04-18,4.380326224050086,3.532860859663364
USA-000843,CUST-0070,2023-09-13,6.303019348685513,6.6764224837775785
USA-002870,CUST-0238,2023-07-04,2.1836151509692225,2.9954936284995117
USA-002761,CUST-0228,2023-09-09,4.503690256654331,6.21056203098267
USA-003730,CUST-0309,2023-12-03,8.785657010034315,3.035958561557927
USA-000291,CUST-0024,2024-04-08,3.2883553827501864,3.2527863767688747
USA-004009,CUST-0330,2024-06-16,6.15496097444681,5.348849291980293
USA-000272,CUST-0022,2024-03-11,9.566035362801971,4.1832695283655585
USA-001585,CUST-0136,2023-09-03,4.246391302101121,5.139261960389303
USA-003240,CUST-0267,2024-02-12,0.9762197736820108,4.147285000139547
USA-003326,CUST-0274,2023-06-19,10.62416798167116,7.944989278099595
USA-003455,CUST-0285,2023-09-17,6.57819009560601,5.661267328515186
USA-000506,CUST-0041,2024-02-15,5.084373148473881,4.028335066291374
USA-004638,CUST-0387,2023-08-10,22.884458759105556,3.9516777184745404
USA-002765,CUST-0228,2024-02-01,3.4676598118859876,1.8703682806936017
USA-002967,CUST-0247,2024-05-10,6.89777013043617,6.1189027185613805
USA-003460,CUST-0285,2024-06-06,9.345340946858029,5.73431461501055
USA-000389,CUST-0032,2024-04-26,4.525598805857106,4.930263763276535
USA-001375,CUST-0117,2024-01-11,3.709866699879234,3.4039261471816773
USA-002755,CUST-0228,2023-08-05,1.2652111710322558,3.3575976401063308
USA-000598,CUST-0048,2024-04-28,3.4695899187601786,4.554552452649768
USA-001114,CUST-0096,2024-03-16,6.4103316558793875,5.017514854745494
USA-002881,CUST-0239,2024-02-18,3.2774573535766702,4.404474577520384
USA-003821,CUST-0315,2023-08-29,6.191391343938654,3.989003945482205
USA-000398,CUST-0032,2024-02-17,4.723941044662698,5.1209741059420635
USA-001046,CUST-0090,2024-04-29,10.490051759079847,5.677550866746972
USA-000878,CUST-0073,2023-12-17,9.02756388606297,5.848083243968583
USA-000393,CUST-0032,2023-11-11,2.55938479377972,4.447235676419484
USA-003402,CUST-0281,2023-12-31,7.628424199637651,4.9096830854081075
USA-000349,CUST-0029,2024-02-17,5.114394480832956,2.317045373468245
USA-000140,CUST-0013,2024-01-23,6.191355378103208,5.013709503405757
USA-003160,CUST-0262,2023-08-12,3.35742807557707,4.341655925883349
USA-003759,CUST-0311,2024-01-10,11.702448741880648,7.905319927827321
USA-000947,CUST-0080,2024-02-04,2.2660620935326667,3.7144486832362213
USA-000327,CUST-0027,2023-10-11,7.495403610918658,7.012292427925039
USA-003939,CUST-0325,2024-02-05,3.4658760865224445,4.361229798265646
USA-004678,CUST-0389,2024-04-15,8.725186671047526,5.745346330437134
USA-003385,CUST-0279,2023-12-02,7.748540708305825,5.96096934957191
USA-003511,CUST-0289,2023-11-14,6.35750960055298,5.1604873072671555
USA-000213,CUST-0018,2023-06-18,5.689575405557844,7.824274736566682
USA-003444,CUST-0284,2023-06-15,2.841566500275014,4.410338234008019
USA-003104,CUST-0257,2023-06-24,8.939162474199103,7.667084050444975
USA-002203,CUST-0184,2023-09-29,11.683099338740503,8.169548901308758
USA-000200,CUST-0017,2023-10-09,13.139341315793793,7.040442925820311
USA-001564,CUST-0134,2024-03-22,9.48932173346163,6.713202551953331
USA-001194,CUST-0103,2024-04-10,9.678029392545453,8.295388933558351
USA-002560,CUST-0211,2024-05-10,6.225799472104446,3.8499598911871695
USA-004457,CUST-0369,2024-06-10,8.01225192691652,6.0443316528185385
USA-002008,CUST-0169,2023-06-20,5.118261724382507,5.001206736593625
USA-000141,CUST-0013,2024-04-14,5.259488664405241,5.39867618778246
USA-003706,CUST-0306,2023-09-01,7.99911292237672,5.179306631581808
USA-001565,CUST-0134,2023-11-03,12.720568302703537,7.7791169777101095
USA-003112,CUST-0258,2023-07-25,6.213050853760632,5.358994474074276
USA-002261,CUST-0188,2024-03-07,9.398153246386308,5.670722554551342
USA-000130,CUST-0012,2023-11-24,4.544284380797326,5.717679520900818
USA-000091,CUST-0008,2023-12-22,7.0123283979788535,5.659588881870011
USA-002837,CUST-0235,2023-11-18,6.9167028691464845,4.482500888357345
USA-000461,CUST-0037,2023-12-02,0.835754293216557,2.7696115193561615
USA-001068,CUST-0091,2024-05-30,6.0642576981796115,7.002583509589039
USA-004209,CUST-0347,2024-01-06,7.4794055398234285,6.499847641637469
USA-003969,CUST-0327,2023-11-01,4.146834177692884,4.279685540339753
USA-001782,CUST-0151,2024-01-19,3.3613754347448275,4.825724570562169
USA-004233,CUST-0349,2024-04-19,3.206464122522113,2.939985816839344
USA-000940,CUST-0079,2024-02-19,5.2882434291752425,4.543364450374128
USA-004021,CUST-0331,2023-08-17,7.232832074436472,5.63482670195467
USA-000508,CUST-0041,2023-06-01,5.1109739054030685,3.718271538258102
USA-003930,CUST-0324,2024-02-24,6.59382293549774,6.664207960582865
USA-004633,CUST-0386,2023-10-12,7.298641364419367,5.787195110612692
USA-004036,CUST-0333,2024-02-11,3.399059202463465,2.6256948061732626
USA-000195,CUST-0017,2023-12-13,11.605020032517073,6.967669160854067
USA-004175,CUST-0344,2023-06-05,6.157497697948604,4.454786072769518
USA-000081,CUST-0007,2023-08-23,6.512430905349296,4.15372852232212
USA-002220,CUST-0185,2024-05-13,8.420218707942677,3.0820835167918794
USA-001474,CUST-0127,2023-12-05,3.7434853441220555,2.7911666196183145
USA-003488,CUST-0287,2023-09-06,5.104537860983325,7.78159955874524
USA-003219,CUST-0266,2024-05-30,6.209626035622826,5.764494981291452
USA-001829,CUST-0154,2023-08-21,9.214927860680909,4.73228236770273
USA-002429,CUST-0201,2024-01-30,4.225252437535821,2.3432690396922835
USA-001596,CUST-0138,2023-10-29,6.838983803801358,5.904011700296747
USA-002016,CUST-0170,2023-11-28,10.068658355528562,5.971425501079512
USA-003905,CUST-0321,2023-07-15,10.580963733288776,6.234944799803063
USA-001320,CUST-0112,2023-08-01,3.5675291662883835,4.492902307181285
USA-004136,CUST-0341,2023-08-23,7.486390236848018,6.853218141247671
USA-002699,CUST-0223,2023-06-21,3.675012325315831,3.333936572893841
USA-001398,CUST-0119,2024-05-20,5.944053401300776,5.371526132728235
USA-001206,CUST-0103,2023-11-01,7.10250183362856,6.901280032697978
USA-002087,CUST-0174,2024-06-16,3.930696622374309,3.162069233653136
USA-001691,CUST-0144,2023-12-06,7.707643866830833,5.19928814505568
USA-001800,CUST-0152,2024-04-11,7.1170941206014575,5.900572428854714
USA-002000,CUST-0168,2024-03-22,7.307096666567395,3.631041984047033
USA-000690,CUST-0056,2023-08-15,7.564906973092834,5.753058143964125
USA-000005,CUST-0001,2023-08-07,5.581905266839912,6.886628031654228
USA-001410,CUST-0120,2024-04-20,6.7478416074864835,6.181351748096335
USA-000824,CUST-0068,2024-03-11,7.041624130369452,6.187149271006968
USA-001360,CUST-0115,2024-02-28,9.383562551917805,7.281528408226298
USA-001470,CUST-0126,2024-05-27,3.760273379215999,3.206561574116388
USA-004357,CUST-0360,2023-08-29,5.987078708081536,5.356087812787937
USA-002969,CUST-0247,2024-01-25,6.263749272474012,7.1895121574211975
USA-000191,CUST-0017,2023-07-26,13.447121705541928,7.914739269690921
USA-000601,CUST-0048,2024-04-12,7.871808047802368,3.4283919627212844
USA-003815,CUST-0315,2023-08-21,7.750325731718171,4.812573938038381
USA-003471,CUST-0286,2024-06-08,5.604677358985277,6.843081488516523
USA-000173,CUST-0016,2024-01-03,5.554697489373275,3.3440292937348595
USA-003805,CUST-0314,2024-05-01,12.906834285033451,8.782800031446437
USA-002227,CUST-0185,2023-10-20,4.871893961355267,5.414600703278214
USA-003563,CUST-0294,2024-01-17,8.84896352239689,5.766422094812845
USA-000268,CUST-0022,2024-05-29,5.448385764071051,5.2761680173308045
USA-001694,CUST-0144,2023-12-26,6.873223900576048,5.58804393057933
USA-000606,CUST-0049,2024-06-05,3.662233818328068,4.038396442443231
USA-003378,CUST-0278,2023-10-26,6.91859685464623,6.4282486499777995
USA-004702,CUST-0392,2023-12-21,4.908517814213619,5.925518602896216
USA-000371,CUST-0030,2023-09-18,8.549318082844483,3.9590275357146223
USA-000122,CUST-0011,2023-12-10,6.613144663456296,4.962167021528498
USA-004149,CUST-0342,2024-05-14,6.490055737914685,4.974957154289058
USA-004201,CUST-0346,2023-07-19,8.881478928809592,4.476655927333849
USA-002954,CUST-0246,2023-07-21,2.190612378066908,2.4288652380428877
USA-003611,CUST-0299,2023-09-15,2.925488766411704,2.298746641413567
USA-000115,CUST-0011,2023-07-01,8.489519255416283,5.324180096835045
USA-003673,CUST-0302,2024-01-12,4.309356461323018,2.651631863538423
USA-002463,CUST-0203,2024-01-19,0.0,4.992076453703515
USA-002680,CUST-0222,2023-06-05,2.6452512077285926,5.7474028003064195
USA-003875,CUST-0319,2023-08-13,5.832696167708908,7.043073552681021
USA-004091,CUST-0338,2023-07-12,10.971363390997041,5.283453974522129
USA-001913,CUST-0160,2023-09-23,6.821285763977501,4.968693492689132
USA-001401,CUST-0119,2024-05-09,6.980976782069073,6.545245623541827
USA-003757,CUST-0311,2023-09-26,12.325065646880795,7.398380933505497
USA-001131,CUST-0097,2024-04-18,4.031394679205942,5.055853241511673
USA-000277,CUST-0023,2024-02-19,4.139723050024589,4.246658268369187
USA-000501,CUST-0041,2023-12-07,7.408913581594894,4.81485561561404
USA-000835,CUST-0069,2023-10-14,7.136138309071993,6.844114011463848
USA-001005,CUST-0086,2023-06-09,10.082880000880454,5.821219058566422
USA-000986,CUST-0084,2023-06-13,9.680483634120689,5.313995381150098
USA-004302,CUST-0355,2023-07-18,4.924162715168263,4.204998870791584
USA-001040,CUST-0089,2024-05-04,8.190927737774686,5.622921823753444
USA-002966,CUST-0247,2023-09-12,6.161718259806348,4.489210425314222
USA-001607,CUST-0139,2023-09-04,5.733871937300569,5.843891329431516
USA-002957,CUST-0246,2024-06-10,5.1650723139725,3.6598597822416146
USA-003632,CUST-0300,2024-06-17,4.527834964456937,3.81541259059409
USA-004222,CUST-0348,2024-05-18,4.349052137857687,4.634480268252119
USA-001355,CUST-0115,2023-07-13,8.33573888645898,5.852389720914034
USA-003609,CUST-0299,2024-06-16,4.512585724764584,2.8292038047797474
USA-002155,CUST-0180,2024-05-07,8.20549468302821,5.128497171468068
USA-001317,CUST-0112,2023-10-01,4.288843127728752,1.762771015571678
USA-000512,CUST-0041,2024-05-27,5.191058139914217,4.639903405795555
USA-003190,CUST-0264,2023-10-14,7.630381539439268,6.3609379119433305
USA-002578,CUST-0212,2023-12-21,2.9424936318618915,4.739311638285139
USA-000131,CUST-0012,2023-06-20,4.21628977057933,3.5852567235063395
USA-003251,CUST-0268,2023-07-23,10.238257310203302,5.9339846551290565
USA-002438,CUST-0201,2023-06-01,2.825067471284797,1.7671620742488532
USA-001208,CUST-0103,2023-09-29,8.096893336085312,6.9268033441671015
USA-000084,CUST-0008,2023-06-02,10.106148666119369,8.172509073054949
USA-001778,CUST-0150,2024-02-04,2.023567335080614,2.9896264398925494
USA-001483,CUST-0128,2023-09-04,6.2144289585812915,4.065566287618512
USA-002435,CUST-0201,2024-06-03,3.809950004413134,4.809569322731163
USA-002972,CUST-0248,2023-09-21,2.705968596004501,4.897192548984821
USA-002032,CUST-0171,2024-01-11,7.185947811259907,5.764905678393738
USA-001281,CUST-0109,2023-12-31,5.424610141039967,2.8043411335488098
USA-003209,CUST-0265,2023-08-12,8.184424346587617,6.644916999165319
USA-003435,CUST-0284,2023-06-18,3.291116937139124,3.764005164784241
USA-002410,CUST-0200,2024-04-20,5.546646136313457,4.301989812431569
USA-000267,CUST-0022,2023-09-06,8.35870713215747,5.266642944694791
USA-003774,CUST-0312,2023-09-07,8.17566202829115,6.96506424064667
USA-003514,CUST-0290,2023-07-18,7.549549950763225,6.269708006011541
USA-000395,CUST-0032,2024-01-11,4.645644277651923,4.444332328772749
USA-002638,CUST-0219,2023-10-14,5.779165734493358,4.636428037717766
USA-000182,CUST-0016,2023-08-08,6.746252143989887,5.391389297520356
USA-003789,CUST-0313,2023-06-02,6.3355499836289795,7.07884225317218
USA-002489,CUST-0206,2024-06-17,3.386608957476673,3.656281144504608
USA-003660,CUST-0302,2023-10-22,3.167886986533127,3.4786687851957496
USA-000638,CUST-0051,2024-05-18,0.5390085509057299,1.75970317661068
USA-001902,CUST-0159,2024-05-08,4.768116727143104,4.168340484948235
USA-003353,CUST-0276,2024-02-26,6.709800977404499,5.880990901174154
USA-000479,CUST-0039,2024-01-31,7.55340796520004,6.646718151481826
USA-002053,CUST-0172,2024-03-23,7.323188880970992,5.771216217099386
USA-003213,CUST-0265,2023-12-07,7.828031683426386,7.034771265698753
USA-002701,CUST-0223,2024-05-21,0.6826406378883698,1.9614720080966968
USA-003635,CUST-0300,2024-02-05,3.8851185306288194,4.7500855019882895
USA-002126,CUST-0177,2023-07-08,7.797181240462166,5.363327066253349
USA-002402,CUST-0199,2024-03-24,3.3724348525884933,5.748406650621561
USA-001140,CUST-0097,2023-09-04,3.2316158391663548,2.5002588504588488
USA-000705,CUST-0057,2023-12-11,7.247018252814135,3.594446864346773
USA-001598,CUST-0138,2023-10-12,9.911032232767054,5.867679559198901
USA-001497,CUST-0129,2023-12-05,1.6715076008483627,5.464760754239672
USA-004007,CUST-0330,2023-09-15,7.2349640415066165,5.944700324540687
USA-004623,CUST-0385,2024-03-21,10.553731590418735,5.909192632107004
USA-000373,CUST-0030,2024-06-20,8.2192054266774,4.660360017726106
USA-001494,CUST-0129,2024-05-24,2.259985743580785,3.481298894544114
USA-000731,CUST-0059,2024-04-23,7.956404610637023,6.682104164494827
USA-000053,CUST-0005,2024-02-13,3.9591933888236395,2.9971941310848904
USA-002973,CUST-0248,2024-03-20,5.9044902796467476,2.493150924920696
USA-004153,CUST-0342,2023-07-11,6.298055028495846,3.868383903810998
USA-001351,CUST-0115,2024-02-18,8.420271236789885,4.9372693424922165
USA-004188,CUST-0346,2023-12-26,6.856863533084807,5.554281296303968
USA-003247,CUST-0268,2024-05-24,6.386878804421885,5.591444707951096
USA-001558,CUST-0134,2023-11-21,8.866051260875034,7.397152930582959
USA-004636,CUST-0386,2024-05-13,5.543287849034451,4.464771024776506
USA-000190,CUST-0017,2023-07-07,12.34798362435691,5.936099164890843
USA-003031,CUST-0252,2023-08-26,8.634717600263786,5.569846337040211
USA-000737,CUST-0059,2024-02-27,8.402449023001209,6.456457108808565
USA-002774,CUST-0229,2023-11-30,8.5744222357976,6.972324306426537
USA-000232,CUST-0019,2024-06-29,5.1285244827748535,5.155737892875489
USA-003610,CUST-0299,2024-04-20,2.6061810782301107,3.5590587365088457
USA-003709,CUST-0306,2024-06-28,7.466051516423177,6.680210912628727
USA-002862,CUST-0237,2024-04-09,8.079207014353146,5.628824982436921
USA-000021,CUST-0002,2024-06-08,8.192738783879397,4.970583976462809
USA-004015,CUST-0331,2023-09-24,11.046789861707595,5.897090284883538
USA-001869,CUST-0156,2023-12-16,7.507093449651718,6.224013782641017
USA-002817,CUST-0233,2023-06-03,9.216668871586007,7.046165597069663
USA-003491,CUST-0287,2024-02-24,6.257856723783087,5.36798180352194
USA-000892,CUST-0075,2023-10-10,11.21687132735613,6.1264939985297655
USA-000275,CUST-0022,2024-02-21,6.846311377476354,4.881537855267876
USA-004700,CUST-0391,2024-01-23,8.135227083297702,5.487399133567538
USA-000567,CUST-0046,2024-03-01,3.669431298318626,4.747861421172721
USA-004649,CUST-0387,2024-03-08,4.64607905777567,1.7506854770584432
USA-001294,CUST-0110,2024-03-03,7.813365468073321,7.889845223474916
USA-001009,CUST-0086,2024-05-09,9.026199940145483,8.318859762550291
USA-003080,CUST-0255,2023-09-28,4.482632255454506,4.960752994589672
USA-002652,CUST-0220,2024-06-19,9.992917014875577,5.007601032821758
USA-001442,CUST-0123,2023-09-19,7.3229183519169325,4.1270150944908215
USA-003819,CUST-0315,2024-05-24,5.821502525324984,4.189318949666218
USA-000097,CUST-0009,2024-05-09,3.996014014681962,2.5461806939078597
USA-000564,CUST-0045,2023-06-24,7.971139852239755,5.2048485648730365
USA-001345,CUST-0114,2023-12-15,0.001184241585409307,4.447378510783803
USA-000161,CUST-0015,2023-06-12,0.0,2.110304038513002
USA-002082,CUST-0174,2023-07-12,1.5587148314872141,2.508066713425419
USA-002391,CUST-0197,2023-12-05,8.916423495219417,6.79350894575403
USA-003636,CUST-0300,2023-07-10,3.3356782840065784,3.518997397232293
USA-000095,CUST-0009,2023-10-18,3.771300222596186,4.440418501499636
USA-000704,CUST-0057,2023-11-16,-6.677079843158117,4.969151492885289
USA-000964,CUST-0082,2024-01-18,7.283753208577562,5.485470646917802
USA-001505,CUST-0130,2023-11-24,0.0,1.9234676172886027
USA-002340,CUST-0194,2023-09-17,1.6247314717353603,3.171173352396449
USA-003998,CUST-0329,2023-12-03,4.848063730308537,5.404985826671229
USA-001773,CUST-0150,2023-06-20,2.252612877128877,5.0133325210160375
USA-001779,CUST-0150,2024-03-07,3.717396046039863,4.584006749701551
USA-002272,CUST-0189,2023-09-06,1.571520236257612,2.7238960229022977
USA-001714,CUST-0146,2023-07-29,9.287531618235477,5.654172573745923
USA-003859,CUST-0318,2024-02-28,3.8422121567616796,4.326402534417423
USA-002782,CUST-0230,2024-06-09,7.956260790810593,7.176451712157838
USA-004331,CUST-0357,2023-10-05,7.351693065857592,8.589470242452446
USA-001260,CUST-0107,2023-09-14,8.256413960842497,6.069885271522072
USA-000696,CUST-0056,2023-06-13,9.341357846731006,4.8862261948802574
USA-003499,CUST-0288,2023-12-31,2.978991361184969,4.786610240650602
USA-003128,CUST-0259,2023-07-06,8.479216788485626,6.868550547024772
USA-002589,CUST-0214,2024-06-23,5.3452760251700635,3.6698912547742903
USA-001803,CUST-0152,2024-01-23,6.774757279160527,5.058572827047815
USA-000578,CUST-0046,2023-11-08,3.818355473543382,4.643204620774843
USA-004316,CUST-0356,2024-05-21,8.549223464457105,7.6275773224822885
USA-002475,CUST-0205,2023-07-25,5.720299234133408,3.3414880812734906
USA-001751,CUST-0149,2023-09-02,2.6996279378254115,3.065235128748023
USA-003766,CUST-0311,2023-09-23,10.957137258883044,7.231160613780502
USA-004594,CUST-0383,2023-10-09,13.499375014332843,7.272042656199726
USA-002527,CUST-0209,2024-01-09,2.1760223851808447,1.7576960666902266
USA-000466,CUST-0038,2024-03-30,21.652232117028802,5.018119484025256
USA-000616,CUST-0050,2024-02-14,5.9112292161552675,6.827836639398969
USA-000297,CUST-0024,2023-12-20,2.8378745857358205,2.7433523968436457
USA-000258,CUST-0021,2023-10-27,8.069048156450618,5.998134983250479
USA-003672,CUST-0302,2023-11-10,3.846152323997523,3.7447560362614296
USA-001453,CUST-0125,2023-11-22,5.902889502686998,6.646740238128357
USA-001011,CUST-0087,2023-06-03,1.616272455007719,2.110736091641172
USA-004173,CUST-0344,2023-11-23,5.495396575349107,3.2722844064357317
USA-003559,CUST-0294,2023-11-25,8.179714789523393,4.107670710485813
USA-000999,CUST-0085,2024-04-24,5.142941280672829,4.113110192258034
USA-003794,CUST-0313,2023-12-15,8.615573781412966,6.788077167810396
USA-003971,CUST-0327,2023-09-30,3.7787831382817485,3.0015709809406497
USA-000604,CUST-0048,2023-12-15,4.91855278583822,3.7979692994793917
USA-001222,CUST-0105,2023-11-14,6.344726394214449,5.706592943502265
USA-001837,CUST-0154,2023-08-11,8.468866515007747,4.633971745185306
USA-003203,CUST-0264,2023-07-07,7.824750953480071,7.5771871360112355
USA-001389,CUST-0118,2023-10-24,8.613624402549899,5.7307381397444095
USA-001165,CUST-0099,2023-07-25,0.8197706114598837,3.0473972404396727
USA-000908,CUST-0076,2024-04-19,3.8830660650587223,4.249372742795259
USA-004122,CUST-0340,2024-05-16,6.3730561473540215,4.204311989139537
USA-001373,CUST-0117,2023-11-24,4.774283905051138,3.831773863305012
USA-000000,CUST-0001,2024-02-07,7.7300181850001755,5.081862095293562
USA-000048,CUST-0005,2024-05-13,4.1932080157431635,4.25900107659686
USA-002107,CUST-0176,2023-09-15,5.7250215162917035,7.118818271825101
USA-002076,CUST-0173,2023-10-02,4.461126991910027,3.0281795432782803
USA-000764,CUST-0062,2024-06-12,3.551606783342338,5.347043225435554
USA-004146,CUST-0342,2024-04-10,4.496357659379622,3.7823760810118623
USA-000414,CUST-0034,2023-11-19,8.788609841932471,5.481612079877907
USA-003787,CUST-0313,2023-12-01,3.9175193324189035,5.069348359357409
USA-001051,CUST-0090,2024-06-14,9.58576326134214,3.7488805104395597
USA-000153,CUST-0014,2023-12-26,2.8607757800944715,5.403557650198989
USA-003645,CUST-0301,2023-11-14,9.23164498272226,5.869494367641951
USA-000920,CUST-0078,2024-04-05,6.959418900227468,6.976957361439089
USA-000265,CUST-0022,2023-08-09,8.342631461767267,5.536049713127442
USA-003564,CUST-0294,2024-04-19,7.694976949927895,4.937190263986167
USA-003448,CUST-0285,2023-08-30,8.454367570475846,3.3805870793857777
USA-000560,CUST-0045,2023-10-04,4.377089423963046,5.464699258095446
USA-001561,CUST-0134,2023-09-23,8.693281046523268,8.716234292289263
USA-002447,CUST-0202,2024-01-26,6.688882381289535,4.9352383968570805
USA-000522,CUST-0043,2023-12-09,6.708643437576183,5.830016215922422
USA-000049,CUST-0005,2024-03-21,3.046728943330435,3.308833183930464
USA-000687,CUST-0056,2023-06-18,6.715739031571573,5.4942241422183
USA-001069,CUST-0091,2024-06-26,6.988702968861281,6.924903623607277
USA-000865,CUST-0071,2023-07-08,6.324526854667335,5.160489973004297
USA-002614,CUST-0216,2024-01-05,28.332263125881397,8.350176200720888
USA-000814,CUST-0066,2023-08-16,3.6336916068256526,5.082154673783919
USA-003049,CUST-0253,2024-06-11,4.162201186325765,4.2536480343297605
USA-000229,CUST-0019,2024-04-01,4.188986328758257,5.266577678857874
USA-004607,CUST-0385,2023-07-22,10.14644256561997,8.317095784823163
USA-001672,CUST-0143,2023-09-23,6.229836921628564,7.317871576405373
USA-002153,CUST-0180,2024-06-24,8.180481015824594,6.104015970516888
USA-003127,CUST-0259,2024-01-02,11.2362754816395,5.82120588362874
USA-001762,CUST-0149,2023-10-17,3.1297329254601847,4.085106724122501
USA-004227,CUST-0348,2023-08-03,5.026370174214685,2.1681987578705875
USA-001930,CUST-0162,2023-06-23,6.332399052734776,4.318930631388026
USA-000511,CUST-0041,2024-05-11,4.009957183908998,3.923835968221579
USA-003347,CUST-0276,2023-12-12,3.4919377858213014,5.777924748545867
USA-003655,CUST-0301,2023-06-17,11.050254394830102,6.0724907523043345
USA-004595,CUST-0384,2024-02-28,0.0,3.505930668867573
USA-001399,CUST-0119,2024-05-19,7.654424522575136,4.317875243068204
USA-001903,CUST-0159,2023-08-29,5.796104801933193,5.107558589062107
USA-002669,CUST-0221,2024-02-16,8.057022055117661,5.980234054428465
USA-003721,CUST-0307,2023-11-24,2.3005163191188145,2.0162978676126664
USA-000645,CUST-0052,2023-10-11,7.785726710589017,5.612922538677502
USA-002346,CUST-0195,2024-03-21,7.599497306217248,5.529858982609268
USA-001433,CUST-0122,2023-09-10,4.364052706941385,3.376629841445462
USA-001962,CUST-0164,2024-06-01,5.237662334778197,4.150713211767441
USA-001658,CUST-0142,2023-09-23,9.147655225301456,3.7029435375900803
USA-002535,CUST-0209,2023-11-29,5.5428702389130935,5.783706976914
USA-004322,CUST-0357,2024-01-01,9.741214373641593,6.3147122130027995
USA-000902,CUST-0076,2023-08-31,1.4805480336030525,3.2721725297025452
USA-004189,CUST-0346,2023-11-25,4.665274412345496,6.035906632018037
USA-002478,CUST-0205,2024-03-04,5.7641652831818675,5.737031392909815
USA-002037,CUST-0171,2024-05-06,7.061213900471865,6.851445090654467
USA-003354,CUST-0276,2023-10-19,7.502566233076001,3.730506789947266
USA-002530,CUST-0209,2023-09-02,1.2475726360483437,2.5831501903733067
USA-001430,CUST-0122,2023-09-24,3.5202194044930146,3.9660628605892643
USA-003423,CUST-0283,2023-08-14,7.58942073097111,6.119173194538753
USA-004407,CUST-0365,2024-04-06,4.680762508143954,5.0422913842711505
USA-001021,CUST-0088,2023-07-09,4.476611782896507,3.68541634335934
USA-002710,CUST-0224,2024-03-20,4.958408167192603,5.801551818078686
USA-002516,CUST-0208,2024-06-18,6.803861812882118,4.596104989652513
USA-001221,CUST-0105,2024-04-26,9.66448024224831,7.359802501840977
USA-000136,CUST-0012,2024-01-23,7.041150447293029,4.887397968932129
USA-002713,CUST-0224,2024-04-30,7.924444506536034,6.017504706780531
USA-004686,CUST-0390,2024-06-14,8.515244635423707,7.088506254249114
USA-001368,CUST-0116,2023-06-07,5.034350605527813,4.954592691888781
USA-004275,CUST-0352,2023-07-28,7.570515127686095,3.6610164630360735
USA-004127,CUST-0341,2023-08-18,6.542113307029241,4.883356116851955
USA-001406,CUST-0119,2023-08-05,7.404623665898238,6.8414050541980345
USA-003702,CUST-0305,2024-01-01,1.0099072951663879,2.6723890251530453
USA-004418,CUST-0365,2023-11-28,3.510817370612598,3.707480073555862
USA-004219,CUST-0348,2023-12-04,3.7747109941634216,4.492142171726169
USA-004667,CUST-0388,2023-06-30,6.149631216874457,5.9102257146180595
USA-004261,CUST-0351,2023-12-10,7.507155745846071,6.33505586200582
USA-003946,CUST-0325,2023-09-16,2.28006149606686,2.814888835940256
USA-004214,CUST-0347,2024-01-16,8.237856417185117,6.88871116589348
USA-004653,CUST-0388,2024-02-13,5.775519228754868,4.203530382710517
USA-001044,CUST-0089,2024-05-16,6.044497351423207,4.907818856583679
USA-004528,CUST-0378,2023-08-28,4.143607568090214,4.661497279561773
USA-002863,CUST-0237,2023-09-15,7.756581595848048,6.8801701531037525
USA-004489,CUST-0373,2023-10-16,2.698971315849112,4.913023084240675
USA-000343,CUST-0028,2024-06-15,10.508056256249326,6.010101339735239
USA-002296,CUST-0191,2024-02-28,2.505216198558846,2.9163943648027697
USA-003748,CUST-0310,2024-01-20,11.945820411519819,5.75985737109995
USA-000055,CUST-0005,2024-02-13,4.823183470548359,3.2344657495340607
USA-002933,CUST-0243,2024-03-29,5.859941526939949,3.541187564257259
USA-002299,CUST-0191,2023-11-10,2.776859269930785,3.3221926120131986
USA-003496,CUST-0288,2024-02-15,1.8519717606353983,5.479834322585826
USA-000247,CUST-0021,2024-04-24,6.268110509454868,5.321241611016494
USA-003069,CUST-0254,2024-03-03,5.597058101124684,3.660409000314546
USA-002353,CUST-0195,2023-08-18,6.301545586198167,4.147547067506612
USA-004060,CUST-0335,2023-12-04,6.174442215202859,5.562663475205126
USA-002566,CUST-0212,2024-04-02,-12.176971240687703,5.6687668893509455
USA-001698,CUST-0145,2023-09-02,5.341839389657008,3.011331710212959
USA-002787,CUST-0230,2024-03-24,9.615275695618,6.144711808205393
USA-001594,CUST-0137,2024-01-16,11.584829741881247,6.780484230217295
USA-003130,CUST-0259,2023-12-02,10.10561580506338,8.93274598915751
USA-001915,CUST-0160,2023-06-01,5.218928452450935,6.116755471196431
USA-002737,CUST-0226,2023-06-08,5.432942750446125,7.605800153606202
USA-004130,CUST-0341,2024-03-31,6.763312191684972,5.736174801397659
USA-002763,CUST-0228,2023-11-10,3.701562674022715,3.605261728391345
USA-001450,CUST-0124,2023-08-19,7.275365609339819,4.9742247366232135
USA-003837,CUST-0316,2024-06-14,3.6510646636075443,6.535181358763671
USA-003470,CUST-0286,2024-02-25,6.5763310739336465,3.6386627245282224
USA-001822,CUST-0153,2023-07-23,9.268880685317962,6.18315315562747
USA-003929,CUST-0323,2024-04-23,0.4244570779669878,3.0765540634251707
USA-002080,CUST-0174,2024-01-09,2.720936849534753,3.6278311731401036
USA-004525,CUST-0377,2024-01-23,9.172895110669302,7.822372540387711
USA-002850,CUST-0237,2024-05-20,7.735892990802034,5.910141787957028
USA-003891,CUST-0321,2023-11-04,7.491594310420041,7.37789700659076
USA-001369,CUST-0116,2024-02-27,5.6287034833062695,8.06426319667877
USA-004484,CUST-0373,2023-08-02,5.11416251096471,3.990259821868282
USA-002358,CUST-0195,2024-06-14,5.402689659439095,6.005239025278193
USA-002060,CUST-0172,2024-04-28,11.009471998531218,5.225814113964779
USA-000066,CUST-0006,2024-06-13,9.691586364298445,5.76434477959472
USA-004326,CUST-0357,2024-05-19,9.440267493780333,4.897645380870824
USA-003232,CUST-0267,2023-11-13,1.3960513237681584,2.0648435633530964
USA-001831,CUST-0154,2024-02-09,6.563780629218055,4.996641431956897
USA-001529,CUST-0132,2023-06-19,3.5768088555333013,2.920462764124717
USA-003124,CUST-0259,2023-08-08,11.003782218008572,6.6084018016573935
USA-000369,CUST-0030,2023-09-27,8.818169900240775,6.610862545528675
USA-001847,CUST-0155,2024-03-02,6.437796283496663,5.713274719079035
USA-003874,CUST-0319,2024-05-25,8.74661013465994,4.755758001338195
USA-001736,CUST-0147,2024-04-15,7.481540424576397,7.608073184869244
USA-003631,CUST-0300,2023-09-26,2.1209004003723435,4.614149217763465
USA-000769,CUST-0063,2024-05-29,5.368394157207682,5.656993031244347
USA-003557,CUST-0293,2024-04-11,6.7275452212482225,5.796483677971661
USA-001163,CUST-0099,2023-11-28,0.0,3.230893783737865
USA-001268,CUST-0108,2023-08-14,4.172912834427414,2.3484259454472047
USA-002125,CUST-0177,2023-10-18,6.118566509661186,3.485790469818726
USA-001085,CUST-0093,2023-10-12,3.8455388610481833,3.1744652827079625
USA-003105,CUST-0257,2024-02-25,9.504118479754776,5.334913570681112
USA-003029,CUST-0251,2023-06-12,7.87983094722821,6.944068948499251
USA-000350,CUST-0029,2023-12-13,3.650382838985803,3.920580483560371
USA-003023,CUST-0251,2023-09-10,7.02456885781188,7.0840876455692285
USA-003274,CUST-0270,2024-06-28,3.391920986067025,3.59998034062892
USA-002454,CUST-0202,2024-02-12,7.570513792646195,5.309935888726068
USA-004661,CUST-0388,2023-09-23,4.3410517509718645,5.328421625769636
USA-003266,CUST-0269,2023-07-10,8.253670582376445,5.452798566416479
USA-000073,CUST-0007,2024-05-01,7.647086985321316,4.58319198183386
USA-004367,CUST-0361,2024-04-13,8.789398777410094,6.95833064371219
USA-001581,CUST-0136,2024-04-27,6.0879325590502855,4.785183825837145
USA-004570,CUST-0382,2023-10-05,10.783907051391648,7.882157383249975
USA-002716,CUST-0225,2023-11-12,1.2004513285437657,4.60408501512259
USA-004423,CUST-0366,2023-12-12,5.843592422969127,3.6060476281896205
USA-001295,CUST-0110,2023-11-13,7.935272500555813,7.644901427100286
USA-000816,CUST-0066,2023-11-02,4.559139595550076,4.271062331711131
USA-001825,CUST-0153,2024-01-31,7.497347083076026,5.509147974668565
USA-003995,CUST-0329,2024-03-10,3.4488326889704224,5.863080165150895
USA-000118,CUST-0011,2023-12-16,5.600005641029764,5.638725476146788
USA-001889,CUST-0158,2024-01-19,9.914314813471725,4.718995802004375
USA-001555,CUST-0134,2024-06-29,10.031401274983304,8.307548947205845
USA-002928,CUST-0243,2024-03-01,5.3929294705321755,5.919536107914315
USA-004285,CUST-0353,2023-07-15,7.30602855816662,5.771214482820263
USA-004345,CUST-0359,2024-04-27,6.044598771474774,6.028965116997519
USA-000544,CUST-0044,2024-01-15,7.292575554991491,4.96462340766706
USA-003718,CUST-0307,2023-08-02,2.773186619358996,3.0868595059086448
USA-002199,CUST-0184,2024-04-07,11.612712985334488,8.410483715214195
USA-003605,CUST-0298,2024-05-26,0.0,1.387567181300593
USA-002772,CUST-0229,2024-02-23,9.860920955664481,7.233474333947942
USA-000531,CUST-0043,2023-08-02,7.404504581206039,5.08160127198455
USA-002934,CUST-0244,2023-12-28,7.361182199628034,6.644183848223747
USA-004150,CUST-0342,2023-09-12,7.303850008302712,5.096978686516912
USA-004690,CUST-0390,2024-04-21,20.127495964320524,7.6490486659827805
USA-004255,CUST-0350,2024-05-06,5.23176122570655,5.239711706216098
USA-003666,CUST-0302,2024-02-01,3.331700832904717,5.143516656084823
USA-001126,CUST-0096,2023-11-18,6.044694447038776,5.793125630283265
USA-003202,CUST-0264,2023-09-03,10.449354531687797,5.524466996197597
USA-000072,CUST-0007,2023-06-24,5.812778459741483,3.833776167451269
USA-003831,CUST-0316,2024-04-11,4.167233552583584,5.568936158081467
USA-002976,CUST-0248,2024-05-22,7.257182969960438,3.2121985498690266
USA-003155,CUST-0261,2023-06-26,10.686104985183519,8.467264729447589
USA-004486,CUST-0373,2024-02-05,3.852874242584651,3.528863901435437
USA-001703,CUST-0145,2023-12-11,4.098093274806895,4.212815152300484
USA-004180,CUST-0345,2024-02-21,7.180747125359615,5.766246755717017
USA-003087,CUST-0256,2024-02-10,4.96814850442314,4.163024023637209
USA-003086,CUST-0256,2023-08-02,4.4937238236828945,3.616879565669039
USA-004438,CUST-0367,2024-03-09,5.295523322769821,5.151075989116912
USA-003399,CUST-0281,2024-04-13,7.595536577177738,6.218621318478838
USA-002648,CUST-0220,2023-07-28,8.592734657542088,5.003215170502658
USA-000377,CUST-0030,2024-03-04,4.748156646156591,6.704556335213067
USA-000748,CUST-0060,2023-08-03,9.347168510608,5.539479638172711
USA-002835,CUST-0235,2023-06-25,8.578010502981856,5.479201987766645
USA-003404,CUST-0281,2023-06-23,5.50878193211807,4.103664551844713
USA-003287,CUST-0270,2023-06-28,4.2385725589200645,3.881964081930115
USA-003374,CUST-0278,2023-09-30,7.282454178565379,5.809267801738389
USA-002014,CUST-0170,2023-09-06,9.319582488445986,5.906769281886375
USA-000186,CUST-0016,2024-01-29,7.672303528804244,4.210956584694845
USA-003264,CUST-0269,2024-02-19,4.04328715424228,3.0201409308823663
USA-002637,CUST-0219,2023-06-28,6.899238587044956,5.2891126928150465
USA-000953,CUST-0081,2023-06-20,7.55914737989435,5.755448207813922
USA-001740,CUST-0147,2023-09-19,6.14306114082779,7.097641871161063
USA-003529,CUST-0291,2024-01-08,5.21187714926484,6.446563308154092
USA-001305,CUST-0110,2024-02-01,8.384897153297505,5.813045469426967
USA-004310,CUST-0355,2024-01-14,5.337264059945452,3.6232444930841705
USA-004394,CUST-0363,2023-09-30,7.413929082422447,5.1947208399638996
USA-000121,CUST-0011,2024-03-03,7.639717421926991,4.950803460173666
USA-004240,CUST-0349,2024-01-22,5.347172658035609,5.951528103401255
USA-003025,CUST-0251,2023-10-16,7.484060771601997,8.047295464832708
USA-000166,CUST-0015,2024-02-18,2.4051379060443536,3.093437533177148
USA-002338,CUST-0194,2023-09-01,3.878435380616236,3.6210783283278407
USA-000960,CUST-0082,2024-04-02,5.894624441593987,4.219793826175385
USA-000496,CUST-0040,2024-03-23,4.378189093083494,4.361991398190674
USA-002473,CUST-0205,2023-12-28,6.13325425439195,4.163767189128479
USA-002855,CUST-0237,2024-01-12,7.906973500528787,4.9247471550021595
USA-001458,CUST-0125,2023-07-26,6.685961186487054,6.31270941324209
USA-001873,CUST-0156,2023-10-31,5.334365690148449,5.542189864195471
USA-002268,CUST-0189,2024-03-23,1.7209075046705733,3.162875929865361
USA-002554,CUST-0211,2023-07-16,4.662256275235745,3.4827731247846225
USA-003146,CUST-0261,2024-03-16,9.246959085756771,5.304252218735112
USA-003868,CUST-0319,2024-05-14,6.234440501092095,4.180543715166888
USA-000624,CUST-0050,2024-04-16,7.241507349518372,5.032560209836033
USA-004197,CUST-0346,2024-01-02,5.4360513148026675,5.0689783650512235
USA-002161,CUST-0181,2023-07-24,9.951566779748914,5.912747080154972
USA-001092,CUST-0093,2023-06-14,4.661362257467846,4.458431722547388
USA-000257,CUST-0021,2024-03-14,6.443663790819611,5.230460324425004
USA-001490,CUST-0129,2023-12-25,1.2116661581864485,4.055103985191264
USA-000124,CUST-0012,2023-10-06,4.4891943663342815,5.520167777517836
USA-003206,CUST-0264,2024-03-02,8.279432949801155,7.315715067035949
USA-003490,CUST-0287,2024-02-13,6.610114538725617,6.03872230341005
USA-003314,CUST-0273,2024-01-16,4.850902874562902,2.8525749344606903
USA-000930,CUST-0078,2024-06-26,7.744526816185719,4.410424986555046
USA-002357,CUST-0195,2023-12-12,6.3169045066070835,5.400315470450657
USA-003115,CUST-0258,2023-08-07,6.455560091543214,5.8214284312496885
USA-003461,CUST-0286,2024-02-07,4.812509788288459,5.931656613542718
USA-002494,CUST-0206,2024-04-04,2.384088313279083,6.219472656909064
USA-002256,CUST-0188,2024-05-17,8.559972559641684,5.737624505195832
USA-002645,CUST-0219,2023-07-21,6.555958760202756,5.220699931152707
USA-002836,CUST-0235,2024-04-17,6.830071524294074,6.488416836485365
USA-004416,CUST-0365,2023-09-29,5.118724247497381,4.791261115752632
USA-003832,CUST-0316,2023-12-31,4.9573436264306485,4.817257378440025
USA-001245,CUST-0106,2024-02-20,10.597103985395862,6.205853285699565
USA-001043,CUST-0089,2024-03-04,5.4542614195090415,5.506577279095304
USA-004548,CUST-0379,2023-07-11,0.07479808013206957,1.6007315435229275
USA-000759,CUST-0061,2023-11-25,9.2712421610062,6.097043854336095
USA-004221,CUST-0348,2023-12-16,1.2464861572842536,2.638052153764649
USA-004280,CUST-0352,2023-10-03,3.5231477211781517,5.437518313292995
USA-000772,CUST-0063,2024-05-17,8.567323338980817,5.991246807034994
USA-004265,CUST-0351,2023-08-11,8.593024307059522,5.92355043890156
USA-003183,CUST-0263,2024-04-23,0.0,2.055661440295137
USA-002914,CUST-0242,2023-11-23,2.291853662330742,4.566167545192325
USA-002987,CUST-0248,2023-06-29,4.01447970712614,4.18519983729114
USA-000897,CUST-0075,2023-08-28,10.499696408375172,6.49654163237779
USA-001273,CUST-0108,2024-02-27,3.11273648117312,4.696682185993585
USA-002849,CUST-0237,2023-07-30,8.023045166947837,6.135505776852675
USA-004500,CUST-0374,2024-03-24,3.157679389022176,4.061220061961343
USA-004247,CUST-0350,2023-11-02,4.23101749478282,2.9859862304361453
USA-000498,CUST-0040,2023-08-20,4.300047546916163,4.207943192821757
USA-002461,CUST-0203,2023-09-30,0.0,1.7661997366084548
USA-002275,CUST-0189,2024-01-12,13.09176707754099,4.080477655744211
USA-002910,CUST-0242,2024-03-31,2.5145626410303974,0.8310054694409366
USA-001177,CUST-0101,2023-08-19,5.833889939177377,4.416172617375383
USA-004559,CUST-0380,2023-12-06,5.7041571708398235,3.9111612423284683
USA-000507,CUST-0041,2023-11-04,6.15411261492272,3.859221719120397
USA-002464,CUST-0203,2023-07-22,0.0,2.7146063592497516
USA-004508,CUST-0375,2023-06-30,5.401064867364386,6.82631392292015
USA-004287,CUST-0353,2024-06-17,8.115531020581953,6.713056633818084
USA-001302,CUST-0110,2024-05-12,7.731882770381233,6.0435670497520695
USA-003161,CUST-0262,2023-11-14,2.7997523517077165,3.62852256029917
USA-000862,CUST-0071,2023-06-21,6.254793508383368,4.351904708463236
USA-002859,CUST-0237,2024-01-23,9.901904593936418,4.4591574024800655
USA-003622,CUST-0299,2024-06-29,0.7381143181463647,5.909828267102063
USA-000441,CUST-0036,2024-01-13,-7.49963969453384,5.157476850518751
USA-000245,CUST-0020,2024-06-05,3.4897382265238353,1.4920958929397687
USA-002583,CUST-0213,2023-09-16,1.5731073045582327,3.402500404852374
USA-001335,CUST-0113,2024-05-10,6.736230514290937,5.044518473595084
USA-002602,CUST-0215,2024-01-27,9.259107094298958,6.575879804608702
USA-001851,CUST-0155,2023-12-04,10.204404377888872,5.946817011836586
USA-004494,CUST-0374,2024-06-16,4.183407427043777,4.382732039870362
USA-000773,CUST-0063,2023-09-30,8.948850315047192,5.6354972408026125
USA-001646,CUST-0141,2023-12-26,2.540986567957364,5.747421013134231
USA-001546,CUST-0133,2024-01-12,11.18665474339117,8.267343529650583
USA-001293,CUST-0110,2023-11-20,6.422819013574003,6.090901624228498
USA-002117,CUST-0177,2024-03-15,2.283143432494903,4.208019338080968
USA-000535,CUST-0043,2023-11-06,9.172855927886124,6.04189577233481
USA-003968,CUST-0327,2023-11-27,5.652241694763674,2.7351060740776463
USA-001804,CUST-0152,2023-10-05,5.385249077552749,3.8991713515885316
USA-001232,CUST-0105,2023-09-29,10.288505938819156,5.634135399070432
USA-003885,CUST-0320,2023-12-17,2.235598960649064,4.524688855426267
USA-001806,CUST-0152,2023-11-22,5.974201506873093,6.320773569965925
USA-003147,CUST-0261,2023-07-01,10.259089986400205,9.389171781614824
USA-003729,CUST-0309,2023-09-25,6.691441327877945,6.392585077622514
USA-002687,CUST-0222,2023-11-21,7.7878332762523526,4.889178087978655
USA-001819,CUST-0153,2024-02-20,8.977633492905495,6.311155868883094
USA-003983,CUST-0328,2024-06-17,3.526157203646875,4.056387477262446
USA-001910,CUST-0160,2024-04-16,4.69801803492752,3.053121527500621
USA-002209,CUST-0184,2023-06-21,12.006485504439219,8.130636157978865
USA-001700,CUST-0145,2024-02-25,5.631739405168976,5.145327037751419
USA-002445,CUST-0202,2023-07-26,7.064740435690205,6.033498184425505
USA-002847,CUST-0236,2024-03-31,5.16214826138665,4.471408860835989
USA-003701,CUST-0305,2023-10-13,2.7885690466706032,2.5074942723517073
USA-003467,CUST-0286,2024-01-15,5.614153653639976,3.758630878845305
USA-004346,CUST-0359,2023-12-16,9.70682943286286,3.0728525074698156
USA-000614,CUST-0049,2024-06-07,4.899253846308688,4.617023246236714
USA-000060,CUST-0006,2024-05-25,7.768033413286381,5.001919022637992
USA-003823,CUST-0316,2023-11-06,6.274416864951605,4.143264053953896
USA-002592,CUST-0214,2024-02-03,5.3794606131230065,3.927138307610479
USA-002854,CUST-0237,2024-03-08,8.914595372229693,7.321682932968532
USA-000499,CUST-0040,2024-02-09,1.7991855885092685,3.6744688396823517
USA-002829,CUST-0234,2023-10-04,3.5120818223819668,1.8411400402614517
USA-001548,CUST-0133,2024-06-20,12.536785187285247,8.609493200769249
USA-003713,CUST-0306,2023-07-26,11.363110475208927,4.271672582383825
USA-000819,CUST-0067,2024-01-17,1.3849556697894758,3.519371240149119
USA-000417,CUST-0034,2024-06-08,7.833728099448888,6.943638755366668
USA-003357,CUST-0276,2024-04-14,4.314443643494524,6.411976738105192
USA-003265,CUST-0269,2023-09-02,3.629346313448063,2.862736514432288
USA-003212,CUST-0265,2023-09-15,7.553955603279641,6.102703184249242
USA-003012,CUST-0250,2023-12-07,2.308009036447663,3.9342749080290567
USA-001784,CUST-0151,2024-04-22,5.107060546144244,4.4470535384192384
USA-001117,CUST-0096,2023-10-04,8.365319338452773,8.049859393464676
USA-002792,CUST-0231,2023-09-16,10.316010213717778,6.7742512808215105
USA-002422,CUST-0200,2024-04-02,3.009923825107596,4.993206336319743
USA-004521,CUST-0377,2024-01-17,10.183293081275384,6.163972533216107
USA-004618,CUST-0385,2023-10-03,9.74171965128586,7.734930181902781
USA-003102,CUST-0257,2023-09-03,7.683626164097324,6.267701241661021
USA-001741,CUST-0148,2024-01-08,3.9601355536702956,4.405448994086428
USA-003440,CUST-0284,2023-06-12,4.752687961847448,4.71387156895317
USA-003365,CUST-0277,2024-03-17,8.61051864169422,6.625321557536632
USA-001207,CUST-0103,2024-01-17,9.055830934627968,6.0913776885670226
USA-004041,CUST-0334,2024-02-11,9.681706159267684,6.407594162900711
USA-002372,CUST-0196,2024-03-22,8.287965059136054,3.6322581375892735
USA-001447,CUST-0124,2024-03-16,8.916039375580707,5.998168512190692
USA-002379,CUST-0197,2023-08-28,7.962603974327383,8.318992539556312
USA-000589,CUST-0047,2024-03-10,4.49911048202978,4.4674895709344895
USA-000255,CUST-0021,2024-04-04,7.62815397582793,5.551652139445197
USA-003446,CUST-0284,2023-09-28,2.1980611701243724,4.8306660996963595
USA-003687,CUST-0304,2024-06-16,4.900105490649376,4.505848709556127
USA-000375,CUST-0030,2024-04-10,8.507545431650314,5.296241819620917
USA-003801,CUST-0314,2024-01-13,12.992878596244195,10.0
USA-001058,CUST-0091,2023-10-12,9.534096357678465,5.257415194955608
USA-004347,CUST-0359,2024-03-29,4.756579223847639,3.7616359907390144
USA-000727,CUST-0058,2023-11-27,6.219516170956513,5.658261978800974
USA-001534,CUST-0132,2023-06-03,1.8699301871402274,3.2858620694581697
USA-000185,CUST-0016,2023-10-08,7.923596387986436,7.238177642541737
USA-002039,CUST-0171,2023-07-16,8.527132096589698,5.295232541529113
USA-003122,CUST-0259,2023-07-19,10.245188650425183,5.4437436454583
USA-001103,CUST-0094,2023-07-15,8.817242025341223,7.401775174968275
USA-001649,CUST-0142,2024-01-06,5.783650308812723,7.104509749770791
USA-004179,CUST-0345,2023-08-25,9.711034902813664,5.324245112736556
USA-001127,CUST-0096,2023-07-31,7.694256218261441,6.222262601559447
USA-001731,CUST-0147,2023-09-12,8.11272575167187,6.290947263164186
USA-004684,CUST-0390,2024-06-14,8.71368994746544,5.204129432247293
USA-000984,CUST-0084,2023-08-10,7.142457678741733,5.831372315649682
USA-000227,CUST-0019,2023-08-02,6.523475311678007,4.20078612750374
USA-002406,CUST-0199,2023-07-20,6.996387985236414,4.080957554763654
USA-003575,CUST-0295,2024-03-11,4.597952212632501,6.759698364153829
USA-003818,CUST-0315,2024-06-07,2.6491643494673855,4.716256058365172
USA-000729,CUST-0059,2023-10-21,7.27051667811781,8.122782463111207
USA-003508,CUST-0289,2023-06-11,6.556160289079909,6.149030348272108
USA-004032,CUST-0332,2023-07-01,4.148904541621614,3.339236407105784
USA-000199,CUST-0017,2024-06-18,9.664858674030487,6.6672176276070685
USA-001727,CUST-0147,2023-06-10,8.49560775651638,5.985833192831012
USA-001612,CUST-0139,2024-04-27,8.54146602020875,5.026941078877723
USA-003313,CUST-0273,2024-05-17,1.283522405200086,4.565470912520597
USA-002754,CUST-0228,2024-04-05,2.164504247513623,3.7893067672686884
USA-001018,CUST-0087,2024-04-02,2.515047938305869,2.7802323086632876
USA-002471,CUST-0205,2023-08-11,6.92470628129487,4.661412843855415
USA-002073,CUST-0173,2024-05-05,4.281182085272484,4.222138473415715
USA-002130,CUST-0178,2023-11-26,-7.55786551622902,7.178513229510972
USA-002572,CUST-0212,2023-12-18,3.8044221439278325,3.5260405218150948
USA-000370,CUST-0030,2024-06-02,6.659365774048048,5.067547926047216
USA-001991,CUST-0168,2023-06-29,3.282900549094509,5.161516244379193
USA-001167,CUST-0099,2024-06-05,5.816932292148,4.128522585777638
USA-002212,CUST-0184,2023-08-20,10.423594698542969,6.643073004879601
USA-004518,CUST-0376,2024-04-03,3.4119095981462726,5.636213633777059
USA-000929,CUST-0078,2023-08-07,5.476723741271403,5.233537628064519
USA-001590,CUST-0137,2023-11-09,9.198169282077728,3.87738000455109
USA-001985,CUST-0167,2023-06-25,6.529916013037475,5.648803040977838
USA-002086,CUST-0174,2024-01-25,3.1054482839828808,3.555507479575452
USA-002312,CUST-0192,2023-12-19,4.922006576082001,5.729312954239023
USA-000515,CUST-0042,2024-04-26,1.4255530165133188,3.5204490069584944
USA-000316,CUST-0026,2024-05-13,5.0806753834552,3.182245686807761
USA-002015,CUST-0170,2023-06-26,8.496962562857544,7.075609049676193
USA-003038,CUST-0252,2023-10-20,9.488037588604564,7.222760801577445
USA-004586,CUST-0383,2024-01-30,13.682669706185774,6.787101498484042
USA-003612,CUST-0299,2023-12-21,4.997547084018865,4.716691944155631
USA-002415,CUST-0200,2023-12-07,4.509453618977527,2.9944152151502297
USA-000767,CUST-0062,2024-02-15,7.2650706397544385,5.202148938830211
USA-003908,CUST-0322,2023-08-04,5.986024748953603,6.531240371634023
USA-003800,CUST-0314,2023-11-30,11.930696126181516,8.366172714163245
USA-002741,CUST-0227,2023-07-06,2.901919511936888,3.6976466811388744
USA-000549,CUST-0044,2023-06-21,5.9770461843638145,6.646386117517029
USA-000801,CUST-0065,2023-10-24,5.043396195856884,6.066314847612859
USA-000362,CUST-0030,2023-06-04,20.53405472208447,5.5624733198111755
USA-004465,CUST-0370,2024-03-15,5.373670475444153,4.096538014792808
USA-003170,CUST-0262,2024-04-18,1.6280072422380183,5.149240712802002
USA-003615,CUST-0299,2024-02-13,3.187742905338805,5.102010733238565
USA-002992,CUST-0249,2024-06-18,2.3975377405613587,2.376026587153765
USA-002011,CUST-0169,2024-04-14,10.300623822378867,5.3821619028702505
USA-001687,CUST-0144,2023-10-27,8.457795555904482,4.547953382315832
USA-003679,CUST-0303,2023-06-09,8.154321711251722,5.360198686807904
USA-000777,CUST-0063,2023-12-22,9.694458268699776,6.31098727827588
USA-002635,CUST-0218,2023-06-26,5.81353457406487,3.998849750533357
USA-001527,CUST-0132,2023-07-16,1.5224291600249722,3.620369868542027
USA-000907,CUST-0076,2023-09-13,2.859442872192489,3.535007531793383
USA-003106,CUST-0257,2023-06-07,8.430805535489496,7.154263043922863
USA-002479,CUST-0205,2023-12-27,6.528554832325416,4.75581402474225
USA-004137,CUST-0341,2024-04-09,6.800295705214339,6.124249221207296
USA-004210,CUST-0347,2024-01-03,7.796359571341256,5.973085671158618
USA-000215,CUST-0018,2024-05-31,6.724583998255517,5.335474015016101
USA-000150,CUST-0014,2023-10-09,3.0129262492598095,6.01457433552085
USA-000339,CUST-0028,2023-12-04,9.735206614349995,6.431780217629346
USA-001397,CUST-0119,2024-02-08,6.527672191091194,5.42429225225396
USA-000597,CUST-0048,2023-08-26,5.993944380201089,4.217601626868066
USA-003904,CUST-0321,2023-07-10,11.510834320293428,7.803520311187575
USA-004030,CUST-0332,2023-11-11,5.271165354269013,3.77527203940628
USA-000879,CUST-0074,2023-12-02,5.164478000259939,4.9271128606079975
USA-004685,CUST-0390,2023-11-25,10.078313771664517,7.959203763533172
USA-003572,CUST-0294,2024-01-26,6.492542165992876,5.145329602506806
USA-004226,CUST-0348,2023-07-20,4.37777273208814,3.3112179804544244
USA-002179,CUST-0182,2024-05-28,2.967866765286841,3.4399051455083693
USA-002319,CUST-0193,2023-08-13,7.363001038979556,6.3666792878885285
USA-000692,CUST-0056,2023-06-17,8.233506845700997,7.067956387368866
USA-004706,CUST-0392,2024-02-14,6.194837014070661,3.845114391330917
USA-000394,CUST-0032,2024-05-10,5.4403974544198945,4.918804148627624
USA-001421,CUST-0120,2023-10-15,5.738198429212034,5.3880085735042895
USA-004461,CUST-0369,2024-05-19,8.530610917580319,5.574059400363333
USA-003790,CUST-0313,2023-07-21,8.146884495584176,3.8135150186205538
USA-000632,CUST-0051,2024-02-22,0.0,0.8563444953595776
USA-003348,CUST-0276,2023-10-15,8.487645932295157,5.196958311226309
USA-004602,CUST-0384,2024-05-25,0.0,2.0881060285636837
USA-002630,CUST-0218,2023-07-23,4.532099215266809,4.9681185032122155
USA-003137,CUST-0260,2024-03-23,9.313383004092616,8.083886602405638
USA-002242,CUST-0186,2023-06-06,2.4732208015323423,5.7051320478500465
USA-002686,CUST-0222,2023-07-09,4.524971247114395,4.924376212482616
USA-004126,CUST-0341,2024-02-28,6.926011266061092,5.648513623060108
USA-001858,CUST-0155,2023-10-08,9.164099816815018,5.9234443372206735
USA-003157,CUST-0261,2024-06-28,10.744708231101987,6.820093322760816
USA-001424,CUST-0121,2024-04-28,9.138404039036955,7.003464053618979
USA-001041,CUST-0089,2024-06-24,6.988972565690559,4.694201119108039
USA-001027,CUST-0088,2023-08-10,3.8942692284536022,4.732797697599451
USA-003791,CUST-0313,2024-06-11,8.300204402572893,6.944340557217627
USA-004432,CUST-0367,2023-08-02,3.695880506977674,4.724157344734159
USA-000292,CUST-0024,2023-12-11,0.8574771088704005,4.036727631616032
USA-002297,CUST-0191,2023-12-06,0.7686351923900929,2.8840908013292883
USA-004556,CUST-0380,2023-07-20,4.3710042807221114,5.011063590922671
USA-001431,CUST-0122,2023-11-10,5.638512694985911,4.188469130917627
USA-003719,CUST-0307,2024-03-02,4.426243784446264,1.3753154894128232
USA-004392,CUST-0363,2023-08-23,6.933688763055676,5.271708311981411
USA-001150,CUST-0098,2024-06-24,12.207174472819718,7.268700380947629
USA-002129,CUST-0178,2024-05-22,10.616233539792185,5.493132734125372
USA-000397,CUST-0032,2023-11-19,4.785091233848181,5.073806856951823
USA-003269,CUST-0269,2024-02-06,4.47848454591572,4.480903530933725
USA-003502,CUST-0289,2023-07-02,6.711826044589792,6.101712248125903
USA-004358,CUST-0360,2023-08-28,3.3551146220947716,3.119458046349756
USA-003398,CUST-0281,2024-02-25,5.524771276093933,5.497449909988401
USA-003055,CUST-0253,2023-07-25,4.248220335609547,3.9023323795451663
USA-004366,CUST-0361,2024-02-11,23.0034037576366,4.118073939304303
USA-000630,CUST-0050,2024-06-10,7.508193359008486,5.876810038217993
USA-003947,CUST-0325,2023-06-06,1.199946203936014,1.3272819585171973
USA-004095,CUST-0339,2024-06-24,10.585086069019429,4.828753919864297
USA-003910,CUST-0322,2024-05-17,8.10412135893258,7.607427396464532
USA-000116,CUST-0011,2024-04-04,5.640646744592271,7.975110713230851
USA-003881,CUST-0320,2024-06-16,4.020893953741299,5.320180504676937
USA-003542,CUST-0292,2023-06-02,6.672248525029167,6.375491867743717
USA-002993,CUST-0249,2024-04-11,4.861792662793301,3.7299621012891606
USA-000529,CUST-0043,2024-01-09,8.431902848414598,6.211275016123637
USA-003686,CUST-0304,2024-06-07,3.318327047645736,5.190735629228355
USA-000392,CUST-0032,2023-12-10,8.118952896434793,3.5480810238692713
USA-002617,CUST-0216,2024-02-11,10.53423413090727,6.652168467906771
USA-001327,CUST-0112,2024-06-06,5.2360821076047435,5.711999538178031
USA-003510,CUST-0289,2023-08-07,7.576281995139048,5.368418463022069
USA-002191,CUST-0183,2023-10-02,2.45480869048058,4.071126445765388
USA-001759,CUST-0149,2024-04-25,4.514040896667057,2.7625512523593416
USA-001996,CUST-0168,2023-08-01,5.77119443688402,5.789828069903925
USA-001073,CUST-0092,2023-08-08,12.383732229379524,7.203143340998424
USA-004040,CUST-0333,2024-04-18,6.1068213251500545,5.407136800380865
USA-004620,CUST-0385,2024-05-27,8.719481661142378,4.600666906220578
USA-001675,CUST-0143,2024-02-25,7.346655479909582,5.2486596998307915
USA-001528,CUST-0132,2024-06-10,1.9770148888187644,1.82106001743109
USA-004545,CUST-0379,2023-07-11,0.0,0.7862014708603798
USA-000202,CUST-0017,2024-04-22,10.840640744717803,7.456740334214452
USA-003667,CUST-0302,2023-09-12,4.731201364532465,2.150752920579677
USA-003966,CUST-0327,2024-03-08,3.716264251458406,1.2290576918468266
USA-004049,CUST-0334,2024-01-16,7.838465764504863,6.7060099222122025
USA-000164,CUST-0015,2024-02-23,0.0,1.530969653807333
USA-003044,CUST-0252,2023-08-09,7.561846737476841,5.515920936634486
USA-004264,CUST-0351,2023-11-14,7.768580284443206,6.211187381110174
USA-003211,CUST-0265,2023-07-18,6.883420859662361,3.980361774891308
USA-000726,CUST-0058,2023-08-25,7.756988068401631,5.298768585715712
USA-002121,CUST-0177,2023-06-11,5.6588063238734545,4.987585159746377
USA-002783,CUST-0230,2024-04-27,8.610502363114541,6.1683104321296085
USA-000061,CUST-0006,2023-10-13,7.870491381015141,6.03477321842976
USA-003229,CUST-0267,2023-09-07,0.841946801208882,3.5465892219948323
USA-001617,CUST-0139,2023-08-11,6.6652320360092325,5.016332458262539
USA-002247,CUST-0187,2023-08-21,10.611427701113765,6.501831162484441
USA-001684,CUST-0144,2024-05-01,10.922337692186964,4.809071221256723
USA-004022,CUST-0331,2024-05-06,9.53325370416893,9.068850471515278
USA-003593,CUST-0297,2024-01-05,6.681345838520813,5.059635342007826
USA-001435,CUST-0123,2023-07-27,3.524519992889747,3.3400836478463796
USA-001423,CUST-0121,2023-08-15,11.112198088358602,8.94458253665848
USA-003523,CUST-0291,2023-09-03,8.460271332889022,6.756043680784709
USA-004713,CUST-0392,2023-08-26,6.890596798160894,5.541201062766589
USA-002557,CUST-0211,2023-06-25,8.35927531936736,4.234289278922537
USA-004404,CUST-0364,2023-07-06,8.931427652663272,6.508938993896145
USA-004670,CUST-0389,2024-01-22,7.938416629112041,6.450290706061812
USA-000001,CUST-0001,2024-01-18,6.523568310649339,5.113212894518426
USA-000043,CUST-0005,2023-07-01,3.98212383194988,5.818765701480271
USA-000041,CUST-0004,2023-10-04,7.614075694183393,6.3681691541624055
USA-003484,CUST-0287,2023-11-11,5.412600675914482,4.795466772650506
USA-002115,CUST-0177,2023-12-04,7.905480891527731,3.529246711339613
USA-000818,CUST-0067,2024-02-22,3.1274277705392786,3.4022540474430425
USA-002732,CUST-0226,2024-01-19,6.204669444895739,5.81247052870279
USA-004283,CUST-0352,2023-08-07,6.058582530959879,4.454997350641784
USA-004597,CUST-0384,2023-09-03,1.9450247044961193,2.15190739740946
USA-004662,CUST-0388,2023-07-18,4.808577242433877,6.149247234946991
USA-003763,CUST-0311,2023-10-24,9.697190153269226,7.847778967396366
USA-004676,CUST-0389,2023-09-25,8.261225554908561,4.861546476600471
USA-002776,CUST-0229,2023-08-16,12.177229003424895,8.39140904856687
USA-001024,CUST-0088,2023-10-20,2.544040224486472,2.6192342325621016
USA-003108,CUST-0257,2023-11-03,10.039494269709824,5.889599861271635
USA-003013,CUST-0251,2024-06-09,7.37070408701457,5.5472124729720464
USA-001426,CUST-0121,2024-01-15,10.173906613551075,8.143479101421047
USA-002842,CUST-0236,2024-04-21,8.908862000189469,2.9284667011243495
USA-001007,CUST-0086,2023-07-15,8.842665814693827,6.491882451162771
USA-003842,CUST-0317,2023-07-11,7.007092320552138,4.26688183173081
USA-002990,CUST-0249,2023-11-13,4.55275245852191,4.11521638725713
USA-002899,CUST-0241,2023-10-20,8.385666530927695,5.900349807771445
USA-004427,CUST-0366,2024-01-10,5.597077341138661,6.562589646962269
USA-002476,CUST-0205,2024-03-13,7.306735359651382,4.742220543380912
USA-000157,CUST-0014,2024-06-20,5.561691208188871,3.1298153502547787
USA-004431,CUST-0366,2023-09-16,6.037789723676615,3.3565646027113782
USA-000381,CUST-0031,2023-12-13,7.064527006995922,5.48379801734979
USA-001390,CUST-0118,2023-08-24,6.2219084002532385,5.788441521719071
USA-004506,CUST-0375,2023-07-29,9.908414686742164,6.434939891792342
USA-004105,CUST-0339,2023-08-26,9.990426674571118,5.381845763241224
USA-000742,CUST-0060,2024-03-09,6.2568452179417955,5.378289212787713
USA-000178,CUST-0016,2024-03-30,7.329063342458719,5.826159831444323
USA-000648,CUST-0052,2024-06-04,7.29497429810872,4.068283078658819
USA-001950,CUST-0163,2023-07-28,13.060777991501915,6.09232827070654
USA-000854,CUST-0070,2023-07-02,7.860376514538222,4.868266706923613
USA-003707,CUST-0306,2024-06-19,8.226401710399022,5.507010495208742
USA-000656,CUST-0052,2024-04-15,6.013076715788339,4.07670706099677
USA-003001,CUST-0250,2024-02-03,3.5875742486281705,3.534205401865235
USA-001022,CUST-0088,2023-09-12,3.9507035558666352,2.7742189739685745
USA-002487,CUST-0205,2024-04-21,7.393081584150917,6.997305867126831
USA-003377,CUST-0278,2024-05-23,7.394771717387992,5.562675133281429
USA-004062,CUST-0335,2024-05-14,5.54989851058615,5.733956425248019
USA-003654,CUST-0301,2024-04-26,8.397477342541945,6.80055381278233
USA-002224,CUST-0185,2024-05-11,5.117104118591964,4.458902765316222
USA-003541,CUST-0292,2024-03-24,7.36764571931544,3.659762490464143
USA-000685,CUST-0055,2023-07-23,4.50043646555668,6.019910658686183
USA-002088,CUST-0174,2024-04-12,0.8466511161087125,2.981077389014343
USA-004642,CUST-0387,2024-01-28,3.901784953950091,3.589012573698379
USA-000809,CUST-0065,2024-03-03,5.174277231346575,4.473157821611946
USA-000722,CUST-0058,2023-06-07,3.3815810071691237,4.9480730241803315
USA-002374,CUST-0196,2024-04-17,8.848176851124531,6.129385626638788
USA-001444,CUST-0124,2023-09-07,8.136810898671571,7.583910630702872
USA-001587,CUST-0137,2023-11-11,11.037726119395113,5.876330938263195
USA-004113,CUST-0340,2023-10-13,7.214358557757161,5.430701421025251
USA-001660,CUST-0142,2024-04-24,8.81113684146112,4.758500045453056
USA-002651,CUST-0220,2023-07-07,7.438082728832223,5.731132467990564
USA-002891,CUST-0240,2024-06-09,8.428330775403325,5.083967559990986
USA-001322,CUST-0112,2024-04-19,3.4567482567198917,4.695411277665179
USA-001493,CUST-0129,2024-02-05,4.844178781250697,4.311510320166557
USA-000474,CUST-0039,2024-01-18,10.35764953711561,6.882540153697367
USA-003987,CUST-0328,2024-02-24,1.3307998495067372,4.589349135369902
USA-001266,CUST-0107,2023-08-04,10.068909119927435,7.18182424863394
USA-002766,CUST-0228,2023-11-29,6.164957987647364,3.072065704918913
USA-003603,CUST-0298,2024-02-12,1.4184323523684221,1.1862071895380337
USA-002628,CUST-0217,2023-11-09,9.093806311627391,6.985655708639639
USA-003781,CUST-0313,2024-01-19,7.536057591301961,5.0729244460409015
USA-001830,CUST-0154,2024-06-05,7.447798689470411,5.359116021797245
USA-004333,CUST-0358,2024-02-19,4.854407575709323,4.127810175681258
USA-002065,CUST-0173,2023-09-07,3.3765471193690453,4.573743931099307
USA-003376,CUST-0278,2023-06-19,9.175530768399103,5.0737647396142584
USA-004001,CUST-0330,2024-06-13,5.909626690916967,4.947526784028814
USA-004088,CUST-0338,2023-12-15,8.388008606578179,5.738803526745586
USA-003204,CUST-0264,2024-03-05,9.140704084978934,5.489259512620681
USA-001543,CUST-0133,2024-03-27,13.585492036373187,8.754988065888012
USA-004503,CUST-0374,2023-11-15,3.2557943281470147,4.10643306662712
USA-000602,CUST-0048,2024-05-04,3.8536185077426817,5.08769683987854
USA-000680,CUST-0055,2024-01-01,6.601900108193869,4.598063324995283
USA-000148,CUST-0014,2023-07-15,6.3051897482595995,3.6528239911975033
USA-002693,CUST-0223,2023-12-24,5.881377435219542,3.835475898635099
USA-001270,CUST-0108,2023-12-24,5.755224736933848,3.6324239523026214
USA-000111,CUST-0011,2024-03-15,5.759350961195613,5.531328673719153
USA-000402,CUST-0033,2024-01-04,7.288965368786725,6.432513600489903
USA-001717,CUST-0146,2023-12-20,5.206777956168338,6.979579972009652
USA-002044,CUST-0171,2023-10-16,8.15703872531959,6.399601447637077
USA-002309,CUST-0192,2023-09-23,5.787034003740786,3.242546123947442
USA-004611,CUST-0385,2023-07-03,9.344424882951174,5.9540458319623495
USA-003322,CUST-0273,2024-06-30,0.6871716772903977,2.8892200879388796
USA-003047,CUST-0253,2024-01-22,7.018938844337061,5.810787215625758
USA-000017,CUST-0002,2023-12-04,5.415810889372318,4.8675639371477235
USA-003061,CUST-0253,2023-08-24,7.237648941699416,3.841003463108824
USA-003838,CUST-0317,2023-12-22,4.497202350977107,5.581740784232009
USA-003698,CUST-0305,2023-07-30,2.8199444632419848,2.5816804207571513
USA-001899,CUST-0159,2023-08-05,8.588655223539327,5.942809468640313
USA-003350,CUST-0276,2023-07-02,6.647712471493104,4.021834225329757
USA-004119,CUST-0340,2023-12-09,7.450674955142258,5.8331697798293005
USA-003808,CUST-0314,2024-03-17,12.451988275618614,10.0
USA-000546,CUST-0044,2023-08-21,6.770448245128228,4.187517923554793
USA-003641,CUST-0300,2024-02-06,5.762053491370811,4.628898677802438
USA-003073,CUST-0255,2024-06-27,2.9412473588737864,6.582387134349371
USA-002400,CUST-0199,2023-07-22,4.0468913736194505,5.544504862362297
USA-003256,CUST-0268,2024-03-11,12.88811878036619,4.449478539533617
USA-001215,CUST-0104,2024-06-01,6.939769524912403,3.6611963661509472
USA-002813,CUST-0233,2024-06-03,7.980418796486684,4.8742631073898
USA-001384,CUST-0117,2023-12-13,4.258790966971283,3.60510589594149
USA-003159,CUST-0262,2024-03-16,1.2009999442436965,4.105547108199169
USA-002293,CUST-0190,2023-11-22,7.036837631615279,7.736723614323975
USA-001573,CUST-0136,2023-08-26,3.0657838552445242,5.966652086936726
USA-004644,CUST-0387,2023-12-25,5.862224664968274,4.000610930617139
USA-003750,CUST-0310,2024-06-08,8.478861372576496,5.676280008179838
USA-003046,CUST-0253,2024-01-16,4.167854932735205,7.255590308283924
USA-004010,CUST-0330,2023-12-08,5.373386632214281,4.8526357874958626
USA-003994,CUST-0329,2024-06-23,5.143006843195089,6.240804744685413
USA-002187,CUST-0182,2024-05-29,5.669257811718726,2.632961491245742
USA-004260,CUST-0351,2023-10-01,7.617757632597351,3.5472357613880012
USA-004038,CUST-0333,2024-02-24,22.338278046777607,6.11340753899595
USA-001508,CUST-0131,2024-05-22,5.155415359889649,1.4971262474751148
USA-003505,CUST-0289,2024-02-07,7.182076308683133,4.817981959088523
USA-003442,CUST-0284,2024-04-01,6.484192637344168,3.0377860080810026
USA-002105,CUST-0176,2024-03-02,5.477101599527804,4.669599301787769
USA-002795,CUST-0231,2023-09-26,9.510156127555843,8.462940983890501
USA-004433,CUST-0367,2023-09-22,5.266213024323239,4.056491278122305
USA-003746,CUST-0310,2024-03-01,5.7752189015443065,2.7845098922037357
USA-003345,CUST-0276,2023-07-25,6.414890905386997,4.520901896576738
USA-003692,CUST-0304,2024-04-19,6.846965969645718,5.301530590374194
